neg,neu,pos,compound
0.138,0.862,0.0,-0.9757
0.176,0.694,0.13,-0.7062
0.121,0.828,0.051,-0.6369
0.275,0.71,0.015,-0.9612
0.062,0.753,0.185,0.9471
0.071,0.831,0.098,0.5332
0.07,0.845,0.084,0.4727
0.127,0.693,0.179,0.6801
0.078,0.869,0.053,-0.9389
0.072,0.798,0.13,0.962
0.087,0.725,0.188,0.8481
0.093,0.859,0.048,-0.9368
0.06,0.778,0.162,0.9658
0.041,0.839,0.12,0.8674
0.17,0.778,0.051,-0.9418
0.051,0.844,0.105,0.935
0.047,0.824,0.129,0.9514
0.098,0.775,0.127,0.9034
0.008,0.83,0.162,0.9921
0.094,0.874,0.032,-0.9815
0.0,1.0,0.0,0.0
0.038,0.962,0.0,-0.3716
0.08,0.858,0.062,-0.7489
0.127,0.819,0.054,-0.9623
0.248,0.752,0.0,-0.8488
0.0,0.705,0.295,0.9949
0.054,0.851,0.095,0.95
0.136,0.806,0.058,-0.903
0.146,0.754,0.1,-0.8422
0.073,0.79,0.137,0.9881
0.085,0.895,0.019,-0.9381
0.099,0.795,0.106,-0.0754
0.1,0.828,0.072,-0.4401
0.097,0.871,0.031,-0.9394
0.172,0.72,0.109,-0.9777
0.314,0.686,0.0,-0.9563
0.055,0.888,0.058,-0.578
0.084,0.812,0.104,0.7644
0.089,0.883,0.027,-0.8996
0.189,0.774,0.037,-0.9414
0.0,0.838,0.162,0.9704
0.059,0.604,0.337,0.9833
0.095,0.809,0.096,0.323
0.116,0.785,0.099,0.204
0.025,0.774,0.201,0.9985
0.138,0.765,0.097,-0.8927
0.065,0.849,0.086,0.7968
0.099,0.835,0.066,-0.8502
0.0,0.668,0.332,0.9794
0.047,0.661,0.292,0.9055
0.165,0.829,0.006,-0.9807
0.08,0.859,0.061,-0.3671
0.04,0.847,0.113,0.9556
0.158,0.842,0.0,-0.8706
0.048,0.831,0.121,0.7301
0.083,0.726,0.192,0.875
0.087,0.798,0.115,0.6987
0.142,0.858,0.0,-0.8908
0.066,0.768,0.166,0.949
0.163,0.788,0.049,-0.6992
0.102,0.818,0.08,-0.5307
0.07,0.811,0.119,0.8799
0.078,0.899,0.023,-0.9674
0.071,0.83,0.099,0.4645
0.0,0.759,0.241,0.9844
0.146,0.836,0.018,-0.9521
0.22,0.713,0.067,-0.9799
0.178,0.762,0.06,-0.926
0.202,0.703,0.095,-0.8625
0.162,0.751,0.087,-0.5727
0.106,0.878,0.016,-0.9001
0.077,0.847,0.076,-0.0379
0.111,0.764,0.125,0.5985
0.081,0.791,0.129,0.9142
0.012,0.929,0.059,0.7942
0.027,0.821,0.151,0.989
0.119,0.83,0.051,-0.3919
0.073,0.827,0.101,0.5741
0.033,0.793,0.174,0.9501
0.033,0.824,0.142,0.9529
0.018,0.982,0.0,-0.1134
0.079,0.852,0.069,-0.6894
0.337,0.617,0.046,-0.9648
0.06,0.871,0.069,0.5013
0.06,0.814,0.126,0.8749
0.089,0.832,0.079,-0.086
0.064,0.909,0.028,-0.9385
0.257,0.695,0.048,-0.9686
0.126,0.83,0.044,-0.9127
0.147,0.853,0.0,-0.875
0.022,0.865,0.113,0.8724
0.159,0.811,0.03,-0.9482
0.072,0.767,0.161,0.9493
0.09,0.815,0.094,0.1824
0.101,0.838,0.061,-0.8462
0.05,0.866,0.085,0.7708
0.126,0.859,0.015,-0.9531
0.128,0.812,0.061,-0.7082
0.024,0.881,0.095,0.9044
0.069,0.803,0.128,0.9746
0.046,0.842,0.112,0.9644
0.07,0.702,0.228,0.969
0.139,0.769,0.092,-0.8855
0.13,0.853,0.017,-0.9474
0.06,0.813,0.127,0.987
0.127,0.782,0.091,-0.4588
0.058,0.863,0.079,0.6953
0.147,0.822,0.031,-0.9751
0.047,0.791,0.162,0.9971
0.13,0.855,0.015,-0.9465
0.048,0.787,0.165,0.8462
0.0,0.721,0.279,0.9768
0.079,0.696,0.226,0.9979
0.0,0.765,0.235,0.9537
0.03,0.892,0.077,0.6467
0.038,0.898,0.064,0.7992
0.136,0.676,0.187,0.3577
0.114,0.849,0.036,-0.6729
0.082,0.822,0.096,0.4289
0.133,0.788,0.079,-0.9671
0.034,0.651,0.316,0.9908
0.182,0.748,0.07,-0.9342
0.134,0.785,0.08,-0.85
0.0,0.933,0.067,0.5927
0.101,0.834,0.065,-0.8327
0.013,0.923,0.064,0.8392
0.125,0.817,0.058,-0.7269
0.079,0.827,0.095,0.5956
0.101,0.791,0.108,0.1315
0.074,0.816,0.109,0.4728
0.058,0.886,0.056,-0.0989
0.168,0.788,0.045,-0.6042
0.116,0.849,0.035,-0.96
0.067,0.861,0.072,0.3763
0.0,0.594,0.406,0.9613
0.072,0.728,0.2,0.969
0.213,0.765,0.022,-0.9903
0.041,0.752,0.207,0.9628
0.045,0.817,0.138,0.6786
0.038,0.882,0.08,0.5957
0.131,0.831,0.039,-0.9248
0.024,0.901,0.075,0.8708
0.094,0.88,0.026,-0.7717
0.143,0.857,0.0,-0.8955
0.051,0.892,0.057,-0.6294
0.08,0.866,0.054,-0.7932
0.05,0.785,0.165,0.9882
0.058,0.923,0.019,-0.6127
0.149,0.77,0.082,-0.9273
0.106,0.846,0.048,-0.8614
0.035,0.876,0.089,0.8674
0.067,0.909,0.023,-0.5844
0.056,0.944,0.0,-0.4588
0.138,0.793,0.069,-0.5924
0.0,0.673,0.327,0.9939
0.074,0.845,0.081,0.7855
0.109,0.72,0.171,0.8441
0.109,0.822,0.07,-0.6428
0.123,0.768,0.109,-0.3515
0.065,0.899,0.036,-0.6281
0.082,0.882,0.036,-0.7424
0.121,0.814,0.065,-0.9299
0.194,0.806,0.0,-0.8899
0.156,0.832,0.012,-0.983
0.04,0.891,0.069,0.6833
0.065,0.908,0.027,-0.8689
0.129,0.841,0.03,-0.9755
0.149,0.805,0.047,-0.958
0.131,0.781,0.088,-0.9348
0.105,0.864,0.031,-0.8481
0.1,0.876,0.024,-0.6366
0.0,0.891,0.109,0.859
0.133,0.867,0.0,-0.743
0.052,0.91,0.038,-0.3506
0.141,0.813,0.046,-0.9877
0.0,0.83,0.17,0.9523
0.238,0.706,0.056,-0.9069
0.147,0.763,0.09,-0.2746
0.186,0.72,0.094,-0.2698
0.086,0.851,0.063,-0.837
0.026,0.893,0.081,0.7218
0.015,0.853,0.133,0.9698
0.142,0.716,0.142,-0.0752
0.155,0.76,0.084,-0.9475
0.14,0.81,0.05,-0.931
0.112,0.758,0.13,0.7147
0.072,0.852,0.076,0.6692
0.09,0.874,0.036,-0.8942
0.037,0.934,0.029,-0.7449
0.151,0.76,0.089,-0.5574
0.14,0.848,0.012,-0.9313
0.092,0.873,0.035,-0.7143
0.073,0.914,0.014,-0.891
0.018,0.886,0.096,0.9228
0.134,0.793,0.073,-0.7076
0.076,0.924,0.0,-0.5106
0.076,0.858,0.066,0.0
0.066,0.766,0.168,0.9754
0.063,0.728,0.209,0.9492
0.022,0.882,0.096,0.6687
0.159,0.798,0.043,-0.725
0.0,0.76,0.24,0.9446
0.176,0.775,0.049,-0.7256
0.107,0.8,0.093,-0.4027
0.141,0.82,0.039,-0.7269
0.221,0.779,0.0,-0.7579
0.014,0.756,0.229,0.9927
0.077,0.797,0.125,0.5709
0.057,0.746,0.197,0.9708
0.067,0.874,0.06,-0.2263
0.04,0.93,0.03,-0.4365
0.183,0.765,0.052,-0.8384
0.125,0.811,0.063,-0.3818
0.101,0.867,0.031,-0.944
0.078,0.907,0.015,-0.8981
0.072,0.852,0.076,0.32
0.076,0.857,0.067,0.2598
0.033,0.726,0.241,0.9841
0.0,0.811,0.189,0.9723
0.094,0.796,0.11,0.7025
0.099,0.836,0.065,-0.7497
0.063,0.524,0.414,0.9808
0.13,0.791,0.079,-0.6936
0.082,0.884,0.034,-0.3997
0.036,0.887,0.077,0.919
0.063,0.887,0.049,-0.4486
0.086,0.888,0.026,-0.9281
0.035,0.856,0.108,0.4404
0.062,0.885,0.053,-0.2558
0.17,0.79,0.04,-0.9124
0.119,0.775,0.107,0.0258
0.17,0.697,0.133,-0.4903
0.0,0.792,0.208,0.765
0.0,0.958,0.042,0.2584
0.094,0.89,0.016,-0.9704
0.074,0.89,0.037,-0.876
0.092,0.866,0.041,-0.7304
0.074,0.894,0.032,-0.705
0.077,0.911,0.011,-0.799
0.035,0.923,0.042,0.7184
0.1,0.9,0.0,-0.7096
0.123,0.848,0.029,-0.5849
0.047,0.819,0.134,0.9657
0.262,0.738,0.0,-0.8932
0.075,0.867,0.058,0.0516
0.108,0.704,0.188,0.9032
0.077,0.809,0.114,0.882
0.04,0.938,0.022,-0.5519
0.108,0.866,0.026,-0.7644
0.055,0.814,0.131,0.7096
0.081,0.834,0.085,0.1189
0.16,0.728,0.111,-0.9617
0.284,0.681,0.035,-0.9493
0.119,0.881,0.0,-0.6908
0.1,0.835,0.066,-0.323
0.052,0.904,0.044,-0.2996
0.098,0.902,0.0,-0.8476
0.041,0.925,0.034,-0.25
0.083,0.858,0.059,-0.739
0.0,0.671,0.329,0.9903
0.082,0.918,0.0,-0.7841
0.175,0.8,0.025,-0.8957
0.18,0.82,0.0,-0.91
0.15,0.85,0.0,-0.765
0.147,0.809,0.044,-0.7717
0.078,0.922,0.0,-0.804
0.058,0.921,0.021,-0.9246
0.0,0.635,0.365,0.9795
0.19,0.762,0.048,-0.9349
0.102,0.818,0.08,-0.9379
0.089,0.887,0.025,-0.6711
0.0,0.718,0.282,0.8479
0.099,0.83,0.072,-0.1289
0.058,0.809,0.133,0.9763
0.191,0.753,0.056,-0.9746
0.154,0.836,0.01,-0.9668
0.168,0.751,0.081,-0.789
0.083,0.892,0.024,-0.7011
0.039,0.811,0.15,0.8898
0.083,0.79,0.126,0.8782
0.094,0.883,0.023,-0.7894
0.113,0.869,0.017,-0.9824
0.109,0.856,0.035,-0.5719
0.171,0.829,0.0,-0.8519
0.159,0.784,0.057,-0.868
0.1,0.814,0.086,-0.4541
0.069,0.904,0.027,-0.9455
0.108,0.845,0.048,-0.7476
0.109,0.868,0.023,-0.8604
0.161,0.839,0.0,-0.8537
0.051,0.683,0.265,0.9714
0.095,0.868,0.037,-0.8055
0.093,0.776,0.131,0.1015
0.151,0.8,0.049,-0.96
0.138,0.77,0.092,-0.851
0.052,0.857,0.091,0.9176
0.111,0.858,0.031,-0.9372
0.037,0.95,0.013,-0.5883
0.307,0.693,0.0,-0.9392
0.114,0.823,0.064,-0.5033
0.177,0.762,0.061,-0.8984
0.069,0.749,0.182,0.8802
0.119,0.827,0.054,-0.7097
0.043,0.918,0.039,0.1655
0.179,0.763,0.058,-0.9148
0.016,0.804,0.18,0.9615
0.177,0.763,0.059,-0.9601
0.21,0.768,0.022,-0.9747
0.054,0.878,0.068,0.2635
0.07,0.706,0.224,0.9878
0.084,0.679,0.237,0.998
0.109,0.881,0.01,-0.9669
0.062,0.847,0.091,0.598
0.025,0.907,0.068,0.4588
0.136,0.783,0.081,-0.674
0.1,0.89,0.01,-0.8841
0.1,0.886,0.014,-0.9554
0.13,0.81,0.059,-0.9443
0.212,0.788,0.0,-0.848
0.014,0.872,0.115,0.9739
0.112,0.888,0.0,-0.7351
0.078,0.851,0.072,-0.0616
0.117,0.843,0.04,-0.6808
0.14,0.84,0.02,-0.8957
0.101,0.739,0.16,0.9927
0.124,0.82,0.056,-0.9275
0.17,0.771,0.059,-0.743
0.114,0.861,0.025,-0.8608
0.145,0.803,0.052,-0.9253
0.107,0.839,0.054,-0.987
0.012,0.974,0.014,0.1341
0.176,0.774,0.05,-0.9241
0.054,0.912,0.034,-0.7076
0.028,0.938,0.034,0.09
0.037,0.718,0.245,0.9624
0.034,0.943,0.023,-0.4932
0.059,0.933,0.008,-0.7579
0.145,0.757,0.099,-0.771
0.049,0.695,0.256,0.9455
0.103,0.777,0.12,0.4985
0.091,0.876,0.033,-0.796
0.064,0.764,0.172,0.6597
0.102,0.751,0.147,0.7104
0.0,0.803,0.197,0.8895
0.073,0.771,0.156,0.6249
0.233,0.713,0.054,-0.7579
0.034,0.884,0.082,0.7346
0.051,0.79,0.159,0.9173
0.063,0.893,0.043,-0.7745
0.041,0.784,0.175,0.8856
0.094,0.804,0.102,0.128
0.031,0.661,0.307,0.9564
0.022,0.79,0.188,0.993
0.023,0.81,0.167,0.9933
0.0,0.625,0.375,0.9371
0.094,0.819,0.087,-0.098
0.198,0.587,0.215,0.3774
0.091,0.856,0.053,-0.2374
0.018,0.82,0.161,0.7962
0.0,0.855,0.145,0.4404
0.012,0.842,0.146,0.9131
0.078,0.895,0.027,-0.891
0.076,0.924,0.0,-0.6808
0.043,0.882,0.075,0.8351
0.109,0.777,0.114,0.3597
0.019,0.725,0.256,0.9612
0.047,0.91,0.043,-0.1306
0.068,0.823,0.109,0.7121
0.149,0.823,0.028,-0.9845
0.097,0.813,0.09,-0.0742
0.054,0.872,0.074,0.3118
0.109,0.881,0.01,-0.9943
0.125,0.788,0.087,-0.7
0.016,0.866,0.118,0.8074
0.069,0.76,0.171,0.9574
0.106,0.753,0.142,0.6165
0.105,0.828,0.067,-0.9118
0.132,0.785,0.083,-0.825
0.073,0.879,0.048,-0.5037
0.139,0.835,0.026,-0.9965
0.0,0.692,0.308,0.8934
0.114,0.729,0.157,0.9251
0.11,0.838,0.051,-0.876
0.084,0.844,0.071,-0.2899
0.168,0.774,0.058,-0.936
0.011,0.897,0.093,0.9873
0.064,0.92,0.016,-0.8151
0.146,0.778,0.076,-0.9703
0.194,0.743,0.063,-0.9281
0.0,0.737,0.263,0.9507
0.175,0.743,0.082,-0.5984
0.021,0.829,0.15,0.9867
0.077,0.851,0.072,0.2669
0.282,0.718,0.0,-0.8999
0.056,0.944,0.0,-0.5423
0.134,0.816,0.05,-0.9202
0.024,0.748,0.228,0.9578
0.094,0.838,0.068,-0.4576
0.0,0.739,0.261,0.9799
0.056,0.817,0.127,0.8603
0.0,1.0,0.0,0.0
0.058,0.845,0.097,0.742
0.115,0.856,0.029,-0.9462
0.081,0.862,0.057,-0.7687
0.197,0.696,0.108,-0.5253
0.09,0.86,0.05,-0.659
0.062,0.854,0.084,0.4215
0.069,0.896,0.035,-0.4939
0.082,0.818,0.1,0.318
0.113,0.838,0.049,-0.7579
0.075,0.815,0.11,0.8651
0.054,0.749,0.196,0.9405
0.068,0.661,0.271,0.9266
0.08,0.766,0.154,0.9815
0.092,0.73,0.178,0.6065
0.118,0.864,0.018,-0.8776
0.042,0.828,0.13,0.9695
0.131,0.841,0.029,-0.9938
0.045,0.863,0.092,0.7046
0.037,0.804,0.159,0.962
0.085,0.79,0.125,0.8534
0.06,0.667,0.272,0.9389
0.024,0.893,0.083,0.659
0.056,0.708,0.235,0.8225
0.109,0.741,0.151,0.4019
0.027,0.779,0.194,0.9918
0.127,0.808,0.066,-0.722
0.085,0.809,0.106,0.3818
0.075,0.831,0.094,0.742
0.0,0.868,0.132,0.9464
0.103,0.859,0.037,-0.9468
0.071,0.558,0.371,0.966
0.074,0.795,0.131,0.7973
0.103,0.769,0.127,0.2718
0.0,0.638,0.362,0.8847
0.243,0.757,0.0,-0.9246
0.229,0.716,0.055,-0.8176
0.167,0.77,0.063,-0.799
0.051,0.745,0.204,0.9724
0.033,0.932,0.035,0.0772
0.076,0.924,0.0,-0.7269
0.032,0.925,0.043,0.4966
0.0,0.711,0.289,0.986
0.031,0.802,0.167,0.7269
0.103,0.854,0.043,-0.858
0.08,0.791,0.129,0.872
0.165,0.787,0.048,-0.765
0.0,0.719,0.281,0.9824
0.054,0.822,0.124,0.9197
0.041,0.931,0.028,-0.3561
0.052,0.685,0.263,0.9594
0.162,0.795,0.043,-0.9562
0.055,0.789,0.156,0.7742
0.052,0.914,0.034,-0.3164
0.153,0.791,0.056,-0.9811
0.017,0.775,0.208,0.9552
0.042,0.908,0.05,-0.0258
0.055,0.902,0.043,-0.2978
0.033,0.929,0.038,0.3585
0.144,0.789,0.067,-0.8092
0.071,0.902,0.027,-0.926
0.166,0.561,0.273,0.8187
0.073,0.854,0.074,0.024
0.036,0.836,0.127,0.6971
0.028,0.749,0.224,0.9957
0.154,0.792,0.054,-0.9122
0.144,0.799,0.057,-0.9565
0.026,0.918,0.056,0.8102
0.059,0.78,0.16,0.7184
0.027,0.973,0.0,-0.3839
0.083,0.859,0.059,-0.1215
0.156,0.782,0.062,-0.6648
0.082,0.89,0.027,-0.6083
0.142,0.781,0.077,-0.7929
0.092,0.874,0.033,-0.9091
0.189,0.811,0.0,-0.765
0.074,0.821,0.105,0.4178
0.078,0.836,0.086,0.8271
0.008,0.947,0.045,0.6428
0.118,0.8,0.082,-0.3479
0.096,0.766,0.138,0.7347
0.083,0.865,0.052,-0.5482
0.073,0.835,0.092,0.8047
0.056,0.91,0.034,-0.3984
0.045,0.829,0.126,0.963
0.091,0.858,0.051,-0.6844
0.128,0.748,0.124,-0.08
0.112,0.83,0.058,-0.5983
0.074,0.768,0.158,0.9879
0.122,0.824,0.054,-0.8301
0.173,0.804,0.023,-0.9593
0.0,0.805,0.195,0.743
0.025,0.74,0.235,0.9902
0.098,0.56,0.343,0.9324
0.015,0.863,0.121,0.98
0.128,0.738,0.135,0.4505
0.143,0.806,0.05,-0.9656
0.156,0.74,0.105,-0.7236
0.179,0.783,0.038,-0.8889
0.158,0.797,0.045,-0.9678
0.093,0.816,0.09,-0.1154
0.028,0.972,0.0,-0.2405
0.167,0.776,0.057,-0.8811
0.048,0.861,0.09,0.8203
0.072,0.874,0.055,0.1989
0.091,0.864,0.045,-0.8674
0.056,0.918,0.025,-0.6139
0.14,0.813,0.047,-0.5267
0.179,0.767,0.054,-0.7778
0.024,0.731,0.245,0.9699
0.08,0.828,0.092,0.3182
0.032,0.901,0.066,0.9054
0.0,0.63,0.37,0.9402
0.069,0.91,0.021,-0.854
0.054,0.865,0.082,0.8399
0.016,0.588,0.395,0.9889
0.025,0.867,0.108,0.9381
0.0,0.808,0.192,0.9847
0.164,0.836,0.0,-0.9762
0.076,0.856,0.068,-0.5902
0.159,0.841,0.0,-0.8657
0.209,0.724,0.067,-0.8858
0.048,0.778,0.174,0.8085
0.052,0.859,0.088,0.7404
0.039,0.909,0.052,0.5239
0.037,0.789,0.174,0.9197
0.115,0.825,0.059,-0.9092
0.023,0.769,0.208,0.9195
0.086,0.841,0.073,-0.1027
0.035,0.91,0.054,0.5978
0.107,0.453,0.44,0.9752
0.113,0.842,0.045,-0.8878
0.134,0.846,0.02,-0.8884
0.045,0.827,0.128,0.9198
0.036,0.68,0.284,0.9884
0.0,0.733,0.267,0.8895
0.189,0.811,0.0,-0.9422
0.162,0.75,0.088,-0.9172
0.078,0.846,0.075,0.2717
0.05,0.865,0.085,0.6114
0.107,0.821,0.072,0.2114
0.058,0.711,0.231,0.9853
0.057,0.853,0.09,0.9524
0.067,0.891,0.042,-0.296
0.108,0.846,0.046,-0.5178
0.063,0.914,0.024,-0.8934
0.133,0.827,0.04,-0.9592
0.073,0.858,0.069,-0.5439
0.145,0.757,0.098,-0.2492
0.068,0.795,0.137,0.9531
0.27,0.73,0.0,-0.9118
0.06,0.886,0.054,0.0951
0.147,0.781,0.072,-0.9012
0.113,0.795,0.092,-0.8924
0.049,0.872,0.08,0.8356
0.142,0.858,0.0,-0.8441
0.067,0.893,0.04,-0.296
0.063,0.937,0.0,-0.4767
0.139,0.847,0.014,-0.933
0.062,0.921,0.017,-0.7151
0.071,0.831,0.099,0.3707
0.072,0.818,0.11,0.8515
0.06,0.831,0.109,0.8718
0.0,0.622,0.378,0.9869
0.036,0.92,0.044,-0.0258
0.219,0.781,0.0,-0.8316
0.048,0.886,0.066,-0.1901
0.0,0.849,0.151,0.8977
0.124,0.852,0.024,-0.9074
0.028,0.972,0.0,-0.1027
0.036,0.706,0.259,0.9899
0.144,0.856,0.0,-0.8225
0.023,0.829,0.148,0.9246
0.022,0.867,0.111,0.9101
0.049,0.672,0.279,0.9871
0.065,0.769,0.166,0.9895
0.068,0.87,0.062,-0.1603
0.088,0.875,0.037,-0.9207
0.073,0.866,0.061,-0.7362
0.123,0.805,0.072,-0.9477
0.039,0.734,0.227,0.9942
0.117,0.795,0.088,-0.79
0.098,0.806,0.096,0.5477
0.045,0.872,0.082,0.296
0.062,0.873,0.065,0.4523
0.091,0.834,0.075,0.631
0.082,0.881,0.038,-0.8039
0.066,0.824,0.11,0.7798
0.0,0.986,0.014,0.3182
0.0,0.736,0.264,0.9916
0.029,0.793,0.178,0.9901
0.188,0.677,0.135,-0.6374
0.014,0.788,0.199,0.9423
0.0,0.615,0.385,0.9808
0.174,0.726,0.1,-0.9437
0.081,0.769,0.15,0.8553
0.074,0.881,0.045,-0.8316
0.065,0.864,0.071,-0.2181
0.045,0.935,0.019,-0.4215
0.177,0.823,0.0,-0.8569
0.074,0.913,0.013,-0.7069
0.125,0.804,0.071,-0.9859
0.099,0.87,0.031,-0.9034
0.037,0.885,0.078,0.8478
0.163,0.837,0.0,-0.7759
0.1,0.812,0.088,-0.2462
0.018,0.858,0.125,0.9648
0.188,0.707,0.106,-0.8986
0.0,1.0,0.0,0.0
0.078,0.9,0.022,-0.7002
0.071,0.77,0.159,0.9745
0.137,0.812,0.05,-0.7993
0.03,0.928,0.042,0.2263
0.159,0.747,0.094,-0.8945
0.048,0.887,0.064,0.1779
0.022,0.879,0.099,0.9331
0.069,0.688,0.243,0.922
0.065,0.724,0.211,0.9729
0.048,0.84,0.111,0.901
0.0,0.521,0.479,0.9919
0.125,0.782,0.092,-0.441
0.05,0.771,0.179,0.9427
0.051,0.744,0.205,0.8167
0.096,0.837,0.068,-0.932
0.012,0.702,0.286,0.9862
0.049,0.822,0.129,0.9059
0.0,0.635,0.365,0.9616
0.092,0.855,0.052,-0.804
0.116,0.837,0.046,-0.7784
0.123,0.838,0.039,-0.9454
0.014,0.883,0.103,0.8311
0.11,0.851,0.039,-0.9397
0.115,0.854,0.031,-0.9152
0.0,0.6,0.4,0.9366
0.076,0.821,0.103,0.8263
0.104,0.874,0.023,-0.775
0.04,0.905,0.055,0.3224
0.104,0.868,0.028,-0.7319
0.115,0.821,0.064,-0.7719
0.081,0.731,0.188,0.8976
0.081,0.919,0.0,-0.296
0.072,0.91,0.019,-0.4854
0.103,0.803,0.095,0.1547
0.07,0.878,0.052,-0.7059
0.165,0.774,0.061,-0.959
0.093,0.868,0.04,-0.9287
0.063,0.901,0.036,-0.0516
0.098,0.778,0.124,0.7738
0.023,0.804,0.173,0.9812
0.04,0.71,0.249,0.8714
0.09,0.88,0.03,-0.9215
0.137,0.786,0.078,-0.6597
0.038,0.814,0.148,0.9365
0.125,0.875,0.0,-0.5719
0.1,0.846,0.055,-0.9564
0.046,0.762,0.192,0.9186
0.0,0.8,0.2,0.9412
0.106,0.873,0.02,-0.8057
0.067,0.796,0.136,0.8986
0.071,0.897,0.033,-0.4116
0.134,0.81,0.056,-0.951
0.038,0.833,0.129,0.9013
0.112,0.645,0.243,0.6258
0.057,0.843,0.101,0.7778
0.088,0.837,0.075,0.0258
0.0,0.556,0.444,0.9595
0.024,0.882,0.094,0.8519
0.068,0.853,0.079,0.5286
0.069,0.906,0.025,-0.4215
0.302,0.631,0.067,-0.9343
0.083,0.876,0.041,-0.8666
0.121,0.879,0.0,-0.861
0.24,0.76,0.0,-0.7646
0.061,0.755,0.184,0.8658
0.078,0.868,0.054,-0.7666
0.069,0.834,0.097,0.2558
0.092,0.744,0.165,0.9486
0.052,0.858,0.09,0.533
0.05,0.704,0.246,0.9992
0.091,0.853,0.056,-0.7885
0.035,0.818,0.147,0.9331
0.098,0.846,0.056,-0.4994
0.022,0.863,0.115,0.9792
0.063,0.679,0.258,0.9468
0.036,0.726,0.238,0.9051
0.026,0.675,0.3,0.9979
0.015,0.964,0.021,-0.0516
0.128,0.801,0.071,-0.878
0.12,0.797,0.083,-0.8122
0.0,0.669,0.331,0.936
0.022,0.939,0.038,0.6369
0.057,0.895,0.048,-0.2023
0.17,0.799,0.031,-0.9804
0.085,0.875,0.04,-0.8572
0.028,0.783,0.19,0.904
0.069,0.842,0.088,0.2263
0.065,0.901,0.034,-0.8934
0.148,0.831,0.021,-0.9741
0.088,0.894,0.019,-0.7777
0.139,0.792,0.069,-0.7893
0.119,0.881,0.0,-0.7783
0.202,0.788,0.011,-0.9578
0.142,0.832,0.026,-0.9022
0.012,0.757,0.231,0.985
0.056,0.773,0.172,0.9599
0.042,0.94,0.017,-0.7335
0.082,0.87,0.048,-0.3523
0.116,0.83,0.053,-0.8059
0.025,0.809,0.166,0.9713
0.062,0.842,0.096,0.7783
0.057,0.879,0.063,-0.0
0.101,0.84,0.06,-0.8731
0.143,0.763,0.094,-0.9365
0.019,0.917,0.064,0.9033
0.062,0.801,0.137,0.7456
0.058,0.842,0.099,0.9397
0.073,0.708,0.219,0.9715
0.045,0.864,0.091,0.7176
0.058,0.887,0.055,-0.3272
0.256,0.688,0.056,-0.9618
0.259,0.696,0.046,-0.9744
0.074,0.814,0.113,0.3626
0.189,0.755,0.056,-0.7717
0.08,0.835,0.085,0.4215
0.27,0.679,0.051,-0.8918
0.068,0.754,0.178,0.9784
0.0,0.573,0.427,0.9467
0.053,0.652,0.296,0.985
0.01,0.788,0.203,0.9874
0.119,0.865,0.016,-0.8555
0.092,0.841,0.067,-0.4512
0.178,0.822,0.0,-0.8384
0.026,0.792,0.182,0.9663
0.018,0.955,0.027,0.0
0.205,0.734,0.061,-0.9573
0.061,0.926,0.013,-0.7717
0.107,0.841,0.052,-0.1655
0.111,0.866,0.023,-0.8103
0.083,0.868,0.049,-0.2244
0.154,0.736,0.109,-0.6155
0.089,0.871,0.039,-0.563
0.0,0.748,0.252,0.9702
0.039,0.728,0.233,0.9884
0.077,0.923,0.0,-0.5994
0.205,0.666,0.129,-0.8852
0.099,0.877,0.024,-0.7605
0.029,0.916,0.056,0.6249
0.056,0.862,0.083,0.9295
0.118,0.782,0.1,-0.8922
0.0,0.912,0.088,0.6956
0.025,0.762,0.213,0.9874
0.0,0.85,0.15,0.9416
0.055,0.785,0.16,0.8555
0.088,0.822,0.09,0.34
0.083,0.917,0.0,-0.807
0.051,0.804,0.145,0.9902
0.0,0.835,0.165,0.935
0.09,0.91,0.0,-0.6381
0.054,0.913,0.033,-0.487
0.072,0.819,0.11,0.8201
0.042,0.548,0.411,0.9505
0.019,0.951,0.03,0.4404
0.0,0.972,0.028,0.4215
0.13,0.778,0.092,-0.7485
0.011,0.744,0.245,0.9845
0.018,0.836,0.146,0.9827
0.276,0.673,0.051,-0.9136
0.107,0.893,0.0,-0.6187
0.0,0.738,0.262,0.9911
0.0,0.846,0.154,0.969
0.055,0.853,0.092,0.9033
0.045,0.754,0.201,0.9945
0.093,0.827,0.08,-0.1189
0.08,0.841,0.079,-0.0247
0.029,0.892,0.08,0.7906
0.096,0.809,0.095,0.1804
0.145,0.813,0.042,-0.8988
0.09,0.889,0.021,-0.6808
0.073,0.804,0.123,0.9294
0.166,0.791,0.043,-0.7652
0.151,0.802,0.047,-0.8271
0.071,0.79,0.139,0.9714
0.045,0.85,0.106,0.5571
0.021,0.712,0.267,0.9517
0.121,0.586,0.293,0.8428
0.036,0.73,0.235,0.9432
0.138,0.809,0.053,-0.4896
0.065,0.914,0.021,-0.8113
0.085,0.868,0.048,-0.5983
0.026,0.903,0.071,0.5452
0.081,0.869,0.05,-0.3506
0.176,0.776,0.048,-0.7717
0.301,0.605,0.095,-0.8486
0.03,0.767,0.203,0.9744
0.203,0.68,0.117,-0.773
0.039,0.717,0.244,0.9904
0.1,0.839,0.061,-0.8537
0.058,0.863,0.079,0.2617
0.074,0.833,0.092,0.25
0.108,0.795,0.097,-0.447
0.016,0.852,0.132,0.9367
0.0,0.746,0.254,0.9231
0.02,0.775,0.205,0.9827
0.053,0.911,0.037,-0.3506
0.067,0.901,0.032,-0.9196
0.035,0.859,0.106,0.967
0.143,0.828,0.028,-0.7567
0.027,0.896,0.077,0.6369
0.035,0.905,0.059,0.5574
0.115,0.885,0.0,-0.7096
0.075,0.719,0.207,0.9424
0.056,0.853,0.091,0.4522
0.087,0.873,0.04,-0.624
0.0,0.711,0.289,0.9356
0.143,0.784,0.073,-0.8126
0.058,0.839,0.103,0.3291
0.066,0.85,0.084,0.4603
0.11,0.767,0.123,0.1278
0.127,0.675,0.198,0.6588
0.115,0.807,0.078,-0.8877
0.127,0.832,0.041,-0.8649
0.028,0.839,0.133,0.8442
0.0,0.813,0.187,0.7783
0.032,0.836,0.131,0.967
0.0,0.593,0.407,0.9371
0.0,0.758,0.242,0.9393
0.103,0.838,0.059,-0.8224
0.0,0.775,0.225,0.9712
0.163,0.837,0.0,-0.9354
0.029,0.685,0.286,0.9923
0.093,0.791,0.117,0.8655
0.045,0.862,0.093,0.9586
0.03,0.94,0.03,0.0129
0.023,0.887,0.09,0.7351
0.0,0.747,0.253,0.9587
0.0,0.836,0.164,0.9381
0.078,0.822,0.1,0.6192
0.157,0.766,0.077,-0.6978
0.061,0.686,0.253,0.9628
0.0,0.707,0.293,0.9747
0.162,0.779,0.059,-0.7388
0.047,0.792,0.162,0.7266
0.0,0.847,0.153,0.9117
0.087,0.717,0.195,0.8847
0.111,0.847,0.042,-0.9153
0.068,0.932,0.0,-0.5596
0.118,0.861,0.021,-0.8979
0.058,0.931,0.012,-0.862
0.048,0.689,0.264,0.9657
0.083,0.881,0.036,-0.8591
0.0,0.79,0.21,0.8516
0.108,0.811,0.081,-0.1779
0.116,0.8,0.085,-0.7721
0.111,0.84,0.049,-0.8987
0.037,0.786,0.176,0.9208
0.0,0.555,0.445,0.9829
0.148,0.774,0.078,-0.7543
0.062,0.655,0.283,0.9033
0.164,0.774,0.062,-0.9239
0.052,0.782,0.167,0.9862
0.116,0.817,0.067,-0.4559
0.0,0.777,0.223,0.9864
0.338,0.633,0.029,-0.97
0.081,0.763,0.156,0.7876
0.071,0.767,0.162,0.7771
0.024,0.769,0.207,0.9765
0.042,0.715,0.243,0.9492
0.0,0.73,0.27,0.9816
0.055,0.854,0.091,0.8031
0.245,0.725,0.03,-0.9393
0.064,0.839,0.097,0.6633
0.0,0.601,0.399,0.9925
0.039,0.877,0.084,0.555
0.021,0.76,0.22,0.9951
0.0,0.82,0.18,0.9716
0.07,0.912,0.018,-0.677
0.025,0.896,0.08,0.8768
0.12,0.837,0.043,-0.9134
0.0,0.74,0.26,0.9657
0.048,0.894,0.059,0.7621
0.104,0.855,0.041,-0.8395
0.121,0.82,0.059,-0.3595
0.143,0.835,0.022,-0.9201
0.103,0.87,0.027,-0.5023
0.0,0.923,0.077,0.8555
0.105,0.872,0.023,-0.9905
0.077,0.868,0.056,-0.4583
0.119,0.781,0.1,0.2023
0.09,0.845,0.065,-0.4497
0.172,0.744,0.084,-0.88
0.074,0.752,0.173,0.9316
0.071,0.796,0.132,0.7501
0.277,0.723,0.0,-0.9215
0.129,0.732,0.138,0.5234
0.042,0.812,0.146,0.9269
0.109,0.841,0.05,-0.8479
0.071,0.735,0.193,0.902
0.127,0.824,0.048,-0.782
0.036,0.865,0.098,0.9136
0.085,0.797,0.118,0.9469
0.123,0.817,0.061,-0.7357
0.007,0.788,0.205,0.9896
0.0,0.809,0.191,0.958
0.112,0.877,0.011,-0.9493
0.107,0.893,0.0,-0.956
0.049,0.644,0.307,0.9853
0.065,0.874,0.061,0.3071
0.07,0.73,0.2,0.9902
0.111,0.817,0.072,-0.7106
0.118,0.873,0.01,-0.9974
0.058,0.869,0.074,0.5834
0.136,0.755,0.109,-0.0885
0.088,0.71,0.201,0.9661
0.04,0.787,0.174,0.9616
0.084,0.881,0.034,-0.7906
0.06,0.793,0.147,0.7003
0.088,0.812,0.1,0.3228
0.043,0.75,0.207,0.8514
0.215,0.737,0.047,-0.821
0.131,0.793,0.077,-0.4391
0.054,0.783,0.164,0.8955
0.184,0.753,0.063,-0.8906
0.127,0.815,0.058,-0.7092
0.083,0.891,0.026,-0.8802
0.306,0.628,0.066,-0.9516
0.124,0.821,0.055,-0.98
0.166,0.834,0.0,-0.6764
0.06,0.821,0.119,0.7876
0.095,0.872,0.034,-0.784
0.168,0.797,0.035,-0.8387
0.097,0.842,0.061,-0.8302
0.106,0.857,0.037,-0.6706
0.061,0.8,0.139,0.962
0.133,0.817,0.05,-0.8074
0.0,0.852,0.148,0.9294
0.055,0.916,0.029,-0.4635
0.073,0.867,0.061,-0.522
0.088,0.866,0.046,-0.7338
0.084,0.744,0.172,0.8579
0.046,0.821,0.133,0.95
0.218,0.782,0.0,-0.802
0.203,0.769,0.028,-0.8957
0.013,0.894,0.094,0.9841
0.079,0.786,0.135,0.9416
0.142,0.775,0.083,-0.3687
0.0,0.842,0.158,0.9229
0.0,0.873,0.127,0.9118
0.142,0.827,0.031,-0.8363
0.05,0.814,0.137,0.9475
0.186,0.814,0.0,-0.8481
0.143,0.804,0.053,-0.9371
0.099,0.727,0.173,0.9812
0.196,0.784,0.02,-0.8573
0.092,0.908,0.0,-0.7553
0.087,0.817,0.095,-0.1372
0.13,0.87,0.0,-0.854
0.0,0.937,0.063,0.5859
0.165,0.814,0.021,-0.9726
0.155,0.789,0.056,-0.9539
0.026,0.747,0.227,0.8536
0.077,0.834,0.089,0.7998
0.0,0.695,0.305,0.98
0.07,0.887,0.043,-0.5106
0.021,0.731,0.248,0.9795
0.113,0.816,0.071,-0.2964
0.038,0.814,0.148,0.9942
0.008,0.824,0.168,0.9788
0.0,0.792,0.208,0.9802
0.0,0.823,0.177,0.9484
0.043,0.904,0.053,0.5994
0.017,0.854,0.13,0.9592
0.169,0.764,0.067,-0.611
0.037,0.866,0.097,0.7691
0.029,0.853,0.118,0.8358
0.03,0.887,0.083,0.9598
0.092,0.522,0.386,0.9337
0.13,0.833,0.036,-0.7345
0.044,0.858,0.098,0.4404
0.077,0.867,0.056,-0.09
0.151,0.849,0.0,-0.7549
0.065,0.875,0.06,-0.0772
0.276,0.619,0.105,-0.9061
0.082,0.814,0.104,0.4119
0.085,0.786,0.128,0.9682
0.205,0.554,0.241,0.2978
0.225,0.756,0.018,-0.9925
0.021,0.795,0.183,0.8748
0.081,0.919,0.0,-0.9226
0.034,0.932,0.034,-0.25
0.065,0.897,0.038,-0.5023
0.019,0.936,0.045,0.4386
0.0,0.68,0.32,0.9911
0.108,0.871,0.022,-0.7783
0.054,0.801,0.145,0.9475
0.091,0.868,0.042,-0.4404
0.021,0.8,0.179,0.9859
0.038,0.85,0.112,0.9764
0.044,0.713,0.243,0.9866
0.016,0.917,0.067,0.7506
0.184,0.786,0.03,-0.9731
0.145,0.712,0.143,-0.0497
0.178,0.733,0.09,-0.7682
0.076,0.816,0.108,0.8968
0.064,0.821,0.115,0.5796
0.075,0.847,0.078,0.2895
0.118,0.787,0.095,-0.2973
0.0,0.685,0.315,0.9484
0.031,0.825,0.144,0.9828
0.051,0.793,0.156,0.9646
0.042,0.851,0.107,0.8641
0.05,0.807,0.144,0.9309
0.066,0.841,0.093,0.3404
0.035,0.9,0.065,0.3612
0.132,0.798,0.07,-0.7215
0.24,0.709,0.051,-0.9715
0.0,0.629,0.371,0.9844
0.129,0.779,0.091,-0.7232
0.037,0.737,0.227,0.9944
0.033,0.623,0.344,0.9682
0.083,0.871,0.046,-0.8218
0.088,0.824,0.088,-0.2265
0.023,0.817,0.16,0.8914
0.051,0.923,0.026,-0.0516
0.0,0.732,0.268,0.8718
0.0,0.703,0.297,0.9199
0.0,0.747,0.253,0.9485
0.099,0.832,0.07,-0.6652
0.151,0.849,0.0,-0.9732
0.07,0.906,0.024,-0.7437
0.038,0.711,0.251,0.9389
0.056,0.913,0.031,-0.6981
0.019,0.828,0.153,0.9415
0.077,0.821,0.102,0.5719
0.0,0.712,0.288,0.9245
0.137,0.801,0.062,-0.3763
0.107,0.751,0.141,0.4385
0.048,0.864,0.088,0.7414
0.031,0.937,0.032,0.2732
0.056,0.897,0.047,0.0202
0.096,0.728,0.176,0.9021
0.0,0.79,0.21,0.8979
0.1,0.788,0.111,0.775
0.022,0.949,0.029,0.6542
0.029,0.939,0.032,0.1036
0.196,0.771,0.033,-0.8893
0.14,0.79,0.07,-0.8883
0.081,0.704,0.214,0.9099
0.081,0.737,0.182,0.9526
0.017,0.654,0.329,0.9877
0.034,0.868,0.098,0.5423
0.058,0.695,0.247,0.9607
0.095,0.838,0.067,-0.404
0.129,0.801,0.07,-0.8407
0.0,0.954,0.046,0.5423
0.06,0.875,0.065,-0.1168
0.046,0.817,0.137,0.9685
0.103,0.814,0.083,-0.5434
0.024,0.769,0.208,0.99
0.027,0.964,0.01,-0.6093
0.084,0.916,0.0,-0.3952
0.056,0.769,0.175,0.8968
0.124,0.876,0.0,-0.8675
0.018,0.959,0.024,0.1486
0.0,0.764,0.236,0.9792
0.12,0.819,0.061,-0.9614
0.0,0.851,0.149,0.9897
0.041,0.835,0.124,0.9911
0.097,0.851,0.051,-0.8569
0.11,0.826,0.063,-0.9289
0.04,0.809,0.152,0.899
0.109,0.838,0.053,-0.9335
0.195,0.794,0.011,-0.9844
0.16,0.797,0.043,-0.9702
0.186,0.767,0.047,-0.9703
0.123,0.769,0.107,-0.2725
0.029,0.935,0.036,0.1901
0.033,0.888,0.079,0.8402
0.112,0.8,0.088,-0.6504
0.0,0.71,0.29,0.9752
0.031,0.795,0.174,0.9808
0.059,0.752,0.189,0.9334
0.107,0.839,0.054,-0.7522
0.039,0.738,0.223,0.9432
0.0,0.538,0.462,0.9701
0.071,0.892,0.037,-0.4976
0.102,0.844,0.054,-0.9158
0.055,0.906,0.039,-0.3816
0.137,0.755,0.108,-0.5994
0.158,0.767,0.075,-0.973
0.034,0.648,0.318,0.9552
0.048,0.807,0.144,0.9813
0.046,0.804,0.15,0.9366
0.059,0.755,0.186,0.9507
0.031,0.815,0.153,0.9504
0.125,0.875,0.0,-0.7906
0.165,0.78,0.055,-0.952
0.045,0.771,0.184,0.7089
0.057,0.835,0.108,0.8504
0.11,0.781,0.109,0.4547
0.052,0.927,0.021,-0.4019
0.059,0.742,0.199,0.8074
0.025,0.751,0.223,0.9817
0.122,0.856,0.022,-0.9509
0.105,0.786,0.109,0.4492
0.011,0.817,0.172,0.979
0.015,0.819,0.166,0.9579
0.032,0.825,0.143,0.9081
0.074,0.857,0.069,0.1775
0.042,0.807,0.152,0.877
0.05,0.9,0.05,0.2617
0.214,0.786,0.0,-0.8402
0.033,0.744,0.224,0.9791
0.093,0.876,0.031,-0.8935
0.074,0.856,0.071,-0.1814
0.116,0.815,0.069,-0.4866
0.049,0.854,0.097,0.7428
0.02,0.832,0.149,0.925
0.084,0.875,0.041,-0.7656
0.09,0.902,0.008,-0.8957
0.075,0.8,0.125,0.2533
0.042,0.929,0.029,-0.2973
0.0,0.592,0.408,0.9503
0.207,0.664,0.129,-0.5684
0.122,0.791,0.086,-0.128
0.18,0.82,0.0,-0.8621
0.058,0.88,0.062,0.1045
0.051,0.853,0.096,0.6712
0.034,0.724,0.242,0.987
0.056,0.871,0.074,0.4767
0.035,0.79,0.175,0.9782
0.021,0.88,0.099,0.9935
0.039,0.946,0.015,-0.5095
0.059,0.827,0.113,0.8856
0.073,0.927,0.0,-0.8284
0.095,0.877,0.029,-0.9688
0.054,0.808,0.138,0.9827
0.062,0.869,0.069,0.4135
0.085,0.879,0.036,-0.7896
0.055,0.927,0.018,-0.7943
0.122,0.825,0.053,-0.9103
0.084,0.893,0.023,-0.6801
0.057,0.916,0.027,-0.7644
0.052,0.789,0.159,0.9951
0.011,0.738,0.251,0.9903
0.053,0.856,0.092,0.7848
0.131,0.832,0.037,-0.9476
0.017,0.76,0.223,0.9719
0.038,0.897,0.065,0.714
0.033,0.778,0.188,0.9652
0.158,0.689,0.153,-0.128
0.19,0.772,0.038,-0.8807
0.074,0.852,0.074,0.6064
0.077,0.827,0.096,0.6035
0.041,0.838,0.12,0.8682
0.148,0.807,0.045,-0.9746
0.0,0.768,0.232,0.9168
0.06,0.904,0.036,-0.3595
0.114,0.862,0.024,-0.9513
0.011,0.803,0.186,0.9661
0.101,0.787,0.111,0.4903
0.0,0.761,0.239,0.9642
0.142,0.832,0.026,-0.8379
0.077,0.909,0.014,-0.9127
0.104,0.77,0.126,0.204
0.006,0.779,0.215,0.9943
0.109,0.885,0.006,-0.9552
0.044,0.847,0.109,0.8975
0.043,0.891,0.065,0.3919
0.059,0.885,0.056,-0.197
0.279,0.721,0.0,-0.9623
0.0,0.689,0.311,0.9268
0.0,0.789,0.211,0.9559
0.095,0.743,0.162,0.7964
0.135,0.826,0.039,-0.7391
0.131,0.836,0.033,-0.5984
0.039,0.961,0.0,-0.4767
0.086,0.866,0.048,-0.8538
0.104,0.8,0.097,-0.0954
0.077,0.766,0.157,0.852
0.095,0.8,0.105,0.6074
0.171,0.802,0.027,-0.8762
0.062,0.844,0.094,0.4404
0.019,0.595,0.386,0.995
0.022,0.734,0.244,0.9871
0.067,0.835,0.098,0.9145
0.074,0.807,0.12,0.6705
0.061,0.894,0.046,-0.4411
0.072,0.892,0.036,-0.3182
0.061,0.904,0.035,-0.3105
0.059,0.691,0.249,0.9837
0.1,0.858,0.042,-0.5032
0.176,0.805,0.019,-0.9607
0.077,0.758,0.166,0.5781
0.044,0.82,0.136,0.9494
0.014,0.929,0.057,0.6808
0.089,0.88,0.031,-0.9266
0.122,0.751,0.127,0.5409
0.219,0.671,0.111,-0.8122
0.041,0.872,0.087,0.9799
0.066,0.858,0.076,0.4961
0.0,0.682,0.318,0.9454
0.0,0.704,0.296,0.9811
0.113,0.794,0.093,-0.47
0.037,0.766,0.197,0.9927
0.063,0.937,0.0,-0.8925
0.035,0.793,0.172,0.9861
0.046,0.921,0.033,-0.2144
0.097,0.832,0.071,-0.6795
0.088,0.87,0.042,-0.6594
0.144,0.774,0.082,-0.4269
0.0,0.873,0.127,0.6757
0.058,0.713,0.229,0.997
0.0,0.966,0.034,0.3392
0.014,0.733,0.254,0.9992
0.128,0.825,0.047,-0.7237
0.028,0.668,0.304,0.9961
0.091,0.819,0.09,0.2263
0.063,0.869,0.068,0.2516
0.208,0.752,0.04,-0.8979
0.059,0.745,0.196,0.9747
0.095,0.816,0.089,-0.128
0.0,0.964,0.036,0.1982
0.031,0.797,0.172,0.9624
0.276,0.724,0.0,-0.9802
0.022,0.914,0.064,0.6369
0.058,0.808,0.134,0.9738
0.039,0.961,0.0,-0.2617
0.087,0.765,0.148,0.6494
0.0,0.753,0.247,0.9471
0.051,0.935,0.014,-0.6808
0.0,0.81,0.19,0.9976
0.117,0.817,0.065,-0.897
0.092,0.875,0.033,-0.7896
0.081,0.877,0.041,-0.3404
0.112,0.863,0.025,-0.8254
0.065,0.786,0.149,0.9964
0.059,0.794,0.147,0.9754
0.027,0.79,0.183,0.9439
0.071,0.826,0.103,0.4086
0.0,0.737,0.263,0.875
0.079,0.818,0.103,0.9112
0.109,0.882,0.009,-0.9855
0.053,0.876,0.072,0.7935
0.0,0.825,0.175,0.9842
0.045,0.81,0.145,0.9022
0.06,0.8,0.14,0.8885
0.154,0.791,0.055,-0.8625
0.033,0.785,0.181,0.985
0.07,0.78,0.15,0.9821
0.032,0.77,0.198,0.9908
0.074,0.649,0.277,0.9776
0.087,0.842,0.071,-0.757
0.115,0.779,0.106,-0.3103
0.103,0.792,0.105,-0.1796
0.104,0.817,0.078,-0.5038
0.14,0.81,0.05,-0.4939
0.167,0.761,0.072,-0.8657
0.027,0.776,0.196,0.9905
0.078,0.776,0.146,0.9618
0.023,0.767,0.21,0.9953
0.087,0.802,0.111,0.6698
0.107,0.807,0.086,-0.1842
0.06,0.801,0.138,0.8839
0.06,0.785,0.155,0.8613
0.081,0.806,0.113,0.5879
0.048,0.84,0.112,0.7165
0.11,0.808,0.082,-0.5023
0.042,0.891,0.067,0.6858
0.064,0.788,0.148,0.9192
0.0,0.883,0.117,0.5719
0.138,0.812,0.05,-0.9549
0.102,0.808,0.09,0.1406
0.11,0.818,0.072,-0.6631
0.092,0.872,0.036,-0.7828
0.0,0.968,0.032,0.6486
0.115,0.793,0.092,-0.8133
0.12,0.826,0.054,-0.8843
0.183,0.817,0.0,-0.9535
0.117,0.814,0.069,-0.7588
0.16,0.811,0.029,-0.965
0.03,0.74,0.229,0.9903
0.08,0.716,0.204,0.9773
0.074,0.724,0.202,0.9878
0.042,0.867,0.091,0.9288
0.0,0.665,0.335,0.9768
0.106,0.765,0.129,0.8053
0.107,0.849,0.044,-0.9086
0.119,0.802,0.079,-0.6429
0.125,0.816,0.059,-0.9337
0.014,0.807,0.179,0.9879
0.159,0.714,0.128,-0.5081
0.066,0.871,0.062,-0.0027
0.064,0.739,0.197,0.9126
0.065,0.867,0.068,-0.048
0.085,0.855,0.061,-0.4939
0.089,0.867,0.044,-0.8745
0.096,0.87,0.033,-0.9831
0.07,0.824,0.106,0.6843
0.115,0.81,0.075,-0.8458
0.03,0.885,0.084,0.5719
0.068,0.766,0.166,0.9932
0.009,0.703,0.288,0.9894
0.187,0.744,0.069,-0.7391
0.019,0.805,0.176,0.984
0.083,0.892,0.026,-0.9501
0.121,0.83,0.049,-0.7995
0.017,0.82,0.163,0.9948
0.037,0.904,0.059,0.4318
0.105,0.895,0.0,-0.9428
0.063,0.796,0.141,0.9687
0.047,0.895,0.057,0.4854
0.171,0.783,0.045,-0.9464
0.051,0.886,0.063,0.128
0.142,0.763,0.095,-0.4019
0.279,0.675,0.046,-0.9883
0.068,0.856,0.076,-0.3602
0.0,0.604,0.396,0.9914
0.011,0.918,0.072,0.7955
0.107,0.893,0.0,-0.886
0.038,0.953,0.008,-0.6369
0.08,0.803,0.117,0.9022
0.049,0.861,0.09,0.943
0.033,0.836,0.13,0.9953
0.154,0.633,0.213,0.5849
0.034,0.966,0.0,-0.4215
0.058,0.79,0.151,0.8926
0.0,0.928,0.072,0.6096
0.133,0.724,0.143,0.2297
0.075,0.841,0.084,0.8019
0.125,0.754,0.121,-0.1441
0.029,0.871,0.1,0.8021
0.045,0.933,0.022,-0.7579
0.094,0.813,0.093,0.1987
0.015,0.827,0.158,0.9621
0.06,0.875,0.065,0.4325
0.239,0.746,0.016,-0.9615
0.088,0.709,0.202,0.9094
0.075,0.853,0.072,0.1714
0.101,0.73,0.168,0.6705
0.024,0.833,0.143,0.964
0.121,0.843,0.036,-0.7845
0.033,0.854,0.113,0.9319
0.043,0.804,0.153,0.9784
0.12,0.851,0.03,-0.8424
0.035,0.868,0.097,0.6812
0.127,0.839,0.034,-0.903
0.0,0.706,0.294,0.9423
0.084,0.865,0.05,-0.822
0.064,0.84,0.096,0.7803
0.067,0.841,0.092,0.2382
0.052,0.923,0.025,-0.34
0.027,0.724,0.249,0.9474
0.142,0.777,0.081,-0.8339
0.127,0.835,0.038,-0.7096
0.195,0.759,0.046,-0.8126
0.114,0.851,0.035,-0.9384
0.017,0.835,0.148,0.9659
0.0,1.0,0.0,0.0
0.078,0.836,0.086,0.4623
0.094,0.813,0.093,-0.2789
0.064,0.891,0.045,-0.3182
0.109,0.838,0.052,-0.9249
0.124,0.827,0.049,-0.717
0.061,0.9,0.039,-0.7153
0.146,0.78,0.074,-0.9815
0.088,0.876,0.036,-0.8352
0.07,0.82,0.109,0.9263
0.019,0.886,0.095,0.9212
0.06,0.872,0.069,-0.0644
0.023,0.717,0.261,0.986
0.052,0.822,0.126,0.9469
0.055,0.851,0.093,0.6187
0.033,0.819,0.148,0.9621
0.119,0.81,0.071,-0.8449
0.032,0.852,0.117,0.9171
0.047,0.796,0.158,0.8868
0.087,0.744,0.169,0.9938
0.048,0.862,0.09,0.5719
0.093,0.791,0.116,0.566
0.095,0.838,0.067,-0.685
0.08,0.828,0.092,0.5023
0.067,0.933,0.0,-0.6907
0.044,0.858,0.098,0.875
0.088,0.85,0.062,-0.0675
0.066,0.729,0.205,0.9577
0.131,0.653,0.216,0.9261
0.045,0.867,0.088,0.9162
0.065,0.909,0.026,-0.3818
0.018,0.851,0.131,0.9258
0.048,0.874,0.079,0.5507
0.148,0.823,0.029,-0.9631
0.026,0.956,0.018,-0.0124
0.043,0.884,0.073,0.4577
0.089,0.814,0.096,0.1476
0.053,0.814,0.133,0.7715
0.109,0.832,0.059,-0.7198
0.072,0.803,0.125,0.8124
0.098,0.902,0.0,-0.5996
0.067,0.641,0.292,0.967
0.03,0.97,0.0,-0.3612
0.068,0.878,0.054,-0.1655
0.07,0.682,0.248,0.9582
0.079,0.866,0.054,-0.6705
0.048,0.813,0.138,0.8167
0.105,0.815,0.08,-0.2885
0.115,0.805,0.08,-0.34
0.089,0.663,0.248,0.989
0.175,0.793,0.032,-0.97
0.108,0.808,0.085,-0.3407
0.049,0.88,0.071,0.5279
0.07,0.83,0.1,0.8954
0.067,0.842,0.091,0.8128
0.059,0.792,0.149,0.8325
0.127,0.858,0.014,-0.9458
0.134,0.777,0.089,-0.3182
0.027,0.782,0.191,0.9784
0.038,0.918,0.044,0.1884
0.0,0.863,0.137,0.8858
0.034,0.755,0.212,0.8588
0.123,0.8,0.077,-0.8207
0.027,0.747,0.225,0.9481
0.054,0.917,0.029,-0.717
0.087,0.8,0.113,0.6374
0.12,0.88,0.0,-0.8179
0.051,0.83,0.118,0.927
0.139,0.784,0.077,-0.9301
0.034,0.706,0.26,0.9757
0.144,0.811,0.046,-0.3919
0.071,0.873,0.056,-0.7792
0.137,0.753,0.11,-0.1027
0.039,0.911,0.051,0.1779
0.0,0.856,0.144,0.8225
0.15,0.831,0.019,-0.9604
0.092,0.851,0.057,-0.7297
0.069,0.848,0.083,0.7814
0.139,0.852,0.01,-0.9167
0.092,0.856,0.052,-0.3818
0.048,0.915,0.036,-0.09
0.096,0.892,0.011,-0.9693
0.082,0.884,0.034,-0.851
0.083,0.797,0.12,0.86
0.064,0.785,0.151,0.9534
0.032,0.751,0.217,0.9805
0.044,0.767,0.189,0.9871
0.218,0.782,0.0,-0.9637
0.101,0.847,0.052,-0.7397
0.119,0.841,0.041,-0.9659
0.051,0.865,0.083,0.7137
0.095,0.777,0.128,0.8236
0.056,0.829,0.114,0.9756
0.035,0.677,0.288,0.9905
0.043,0.846,0.111,0.9872
0.078,0.849,0.073,-0.5761
0.29,0.71,0.0,-0.9676
0.054,0.834,0.112,0.9645
0.052,0.782,0.166,0.9095
0.096,0.874,0.029,-0.9115
0.041,0.901,0.058,0.1027
0.124,0.789,0.087,-0.8863
0.103,0.753,0.144,0.7212
0.112,0.76,0.128,-0.0422
0.213,0.659,0.128,-0.8797
0.09,0.864,0.046,-0.4019
0.17,0.795,0.036,-0.9493
0.035,0.8,0.165,0.9127
0.113,0.854,0.034,-0.9874
0.076,0.879,0.045,-0.8659
0.094,0.864,0.042,-0.7957
0.122,0.751,0.127,0.0486
0.068,0.913,0.019,-0.836
0.101,0.759,0.14,0.8359
0.093,0.863,0.044,-0.6985
0.168,0.754,0.079,-0.9231
0.052,0.854,0.095,0.8798
0.0,0.834,0.166,0.9577
0.017,0.893,0.09,0.802
0.088,0.806,0.107,0.5187
0.052,0.798,0.15,0.5478
0.107,0.734,0.159,0.5193
0.107,0.893,0.0,-0.9221
0.04,0.885,0.076,0.9715
0.044,0.929,0.028,-0.317
0.059,0.831,0.11,0.9288
0.098,0.765,0.137,0.8872
0.121,0.827,0.052,-0.6755
0.0,0.693,0.307,0.9558
0.071,0.909,0.019,-0.6551
0.0,0.794,0.206,0.9753
0.108,0.835,0.057,-0.9104
0.0,0.76,0.24,0.9838
0.095,0.841,0.064,-0.856
0.042,0.869,0.088,0.7767
0.06,0.85,0.09,0.7809
0.116,0.835,0.048,-0.764
0.122,0.773,0.104,0.388
0.036,0.909,0.055,0.6124
0.066,0.85,0.084,0.5386
0.104,0.781,0.115,0.2244
0.138,0.823,0.039,-0.9758
0.082,0.759,0.16,0.9528
0.074,0.786,0.139,0.9925
0.075,0.902,0.023,-0.8869
0.109,0.821,0.07,-0.3853
0.033,0.79,0.177,0.9978
0.043,0.735,0.222,0.9991
0.047,0.861,0.091,0.9007
0.046,0.846,0.108,0.7972
0.041,0.915,0.045,-0.2079
0.047,0.906,0.047,0.6956
0.031,0.746,0.223,0.9741
0.092,0.818,0.09,-0.387
0.097,0.814,0.089,0.0267
0.055,0.9,0.045,-0.2158
0.066,0.873,0.061,-0.1818
0.232,0.698,0.07,-0.981
0.087,0.803,0.109,0.69
0.014,0.834,0.152,0.9773
0.035,0.853,0.112,0.9503
0.038,0.855,0.107,0.9635
0.045,0.922,0.034,-0.128
0.08,0.846,0.074,-0.4499
0.088,0.846,0.065,-0.1314
0.012,0.96,0.028,0.325
0.109,0.853,0.038,-0.9901
0.113,0.834,0.053,-0.9538
0.084,0.863,0.053,-0.7631
0.052,0.888,0.06,-0.4482
0.07,0.817,0.113,0.2944
0.134,0.702,0.163,0.6863
0.114,0.793,0.092,-0.3356
0.044,0.791,0.165,0.9022
0.068,0.896,0.035,-0.8773
0.189,0.725,0.086,-0.8203
0.095,0.83,0.075,-0.1438
0.043,0.777,0.18,0.989
0.082,0.891,0.028,-0.8525
0.01,0.845,0.145,0.968
0.065,0.7,0.234,0.9817
0.033,0.956,0.01,-0.8106
0.053,0.9,0.047,-0.2551
0.142,0.761,0.097,-0.5719
0.048,0.908,0.044,0.3207
0.089,0.765,0.146,0.9665
0.152,0.848,0.0,-0.8776
0.179,0.821,0.0,-0.8271
0.051,0.825,0.124,0.8217
0.053,0.846,0.101,0.8886
0.138,0.729,0.132,-0.376
0.104,0.838,0.058,-0.3557
0.0,0.791,0.209,0.9392
0.027,0.834,0.14,0.9842
0.136,0.797,0.067,-0.8834
0.042,0.886,0.072,0.7222
0.186,0.754,0.06,-0.9643
0.113,0.79,0.097,-0.1601
0.055,0.721,0.224,0.9824
0.062,0.805,0.133,0.8587
0.071,0.889,0.04,-0.5522
0.131,0.838,0.031,-0.996
0.093,0.815,0.092,-0.0375
0.04,0.78,0.18,0.9835
0.191,0.765,0.044,-0.9641
0.112,0.757,0.131,0.3361
0.081,0.773,0.146,0.8883
0.035,0.906,0.059,0.4019
0.042,0.874,0.084,0.6753
0.203,0.778,0.019,-0.9538
0.014,0.867,0.119,0.907
0.071,0.871,0.058,-0.2409
0.173,0.599,0.228,0.9217
0.112,0.775,0.113,-0.2051
0.048,0.877,0.075,0.9438
0.061,0.803,0.136,0.7574
0.116,0.884,0.0,-0.6249
0.01,0.906,0.084,0.9297
0.095,0.823,0.082,-0.4635
0.079,0.832,0.09,-0.0
0.166,0.766,0.068,-0.9735
0.022,0.848,0.13,0.9875
0.108,0.873,0.019,-0.7876
0.099,0.781,0.12,0.5638
0.098,0.756,0.146,0.5991
0.09,0.779,0.131,0.5232
0.11,0.726,0.165,0.873
0.0,0.915,0.085,0.6124
0.046,0.858,0.096,0.9547
0.019,0.908,0.073,0.7632
0.071,0.9,0.03,-0.4767
0.059,0.836,0.105,0.8725
0.072,0.883,0.045,-0.2328
0.11,0.79,0.1,0.2177
0.114,0.759,0.127,0.477
0.165,0.752,0.083,-0.9076
0.081,0.834,0.084,0.0772
0.146,0.762,0.092,-0.941
0.097,0.847,0.056,-0.7731
0.0,0.771,0.229,0.9183
0.089,0.843,0.067,-0.8148
0.104,0.78,0.116,0.5361
0.052,0.842,0.106,0.8338
0.026,0.763,0.211,0.9931
0.035,0.777,0.188,0.9814
0.058,0.74,0.203,0.9923
0.04,0.833,0.127,0.9471
0.165,0.777,0.058,-0.8165
0.116,0.837,0.048,-0.9919
0.109,0.871,0.02,-0.8075
0.073,0.898,0.029,-0.8499
0.072,0.811,0.117,0.9048
0.064,0.834,0.102,0.6409
0.084,0.785,0.131,0.7788
0.026,0.841,0.134,0.9091
0.069,0.883,0.049,-0.3497
0.055,0.726,0.219,0.991
0.088,0.876,0.036,-0.8475
0.037,0.816,0.148,0.9367
0.159,0.775,0.065,-0.8076
0.079,0.7,0.221,0.9866
0.228,0.635,0.137,-0.743
0.085,0.809,0.105,0.5574
0.101,0.871,0.028,-0.7096
0.015,0.918,0.067,0.9515
0.152,0.781,0.068,-0.9657
0.198,0.713,0.089,-0.9847
0.124,0.732,0.144,0.9128
0.084,0.777,0.139,0.8201
0.131,0.845,0.024,-0.9941
0.058,0.901,0.041,-0.8703
0.074,0.774,0.153,0.914
0.007,0.765,0.228,0.9919
0.037,0.88,0.083,0.7306
0.082,0.824,0.094,0.4497
0.127,0.794,0.079,-0.7956
0.202,0.798,0.0,-0.855
0.066,0.896,0.038,-0.8783
0.122,0.821,0.056,-0.9682
0.106,0.798,0.096,0.4389
0.139,0.721,0.141,0.3027
0.243,0.757,0.0,-0.8957
0.055,0.789,0.156,0.9884
0.063,0.742,0.195,0.9869
0.101,0.834,0.065,-0.3716
0.067,0.894,0.039,-0.6876
0.079,0.878,0.043,-0.2684
0.127,0.856,0.017,-0.8176
0.122,0.795,0.083,-0.8773
0.181,0.789,0.03,-0.9861
0.076,0.861,0.063,-0.4294
0.029,0.85,0.121,0.9822
0.055,0.893,0.051,0.0783
0.167,0.818,0.015,-0.9022
0.163,0.785,0.052,-0.9448
0.122,0.878,0.0,-0.9182
0.028,0.7,0.272,0.9943
0.147,0.81,0.043,-0.7096
0.086,0.815,0.099,0.3182
0.045,0.839,0.117,0.9879
0.053,0.845,0.103,0.8466
0.075,0.8,0.126,0.9289
0.138,0.737,0.126,-0.63
0.116,0.756,0.128,0.3658
0.04,0.851,0.108,0.9079
0.132,0.759,0.109,-0.8546
0.083,0.851,0.066,-0.5093
0.037,0.835,0.129,0.9345
0.176,0.716,0.108,-0.8883
0.155,0.741,0.104,-0.8395
0.019,0.786,0.196,0.9655
0.089,0.839,0.072,-0.693
0.026,0.879,0.095,0.83
0.078,0.881,0.041,-0.9019
0.194,0.773,0.033,-0.8925
0.041,0.831,0.128,0.9418
0.081,0.818,0.101,0.937
0.123,0.841,0.037,-0.9625
0.118,0.824,0.058,-0.9121
0.047,0.707,0.246,0.9947
0.031,0.682,0.287,0.9947
0.098,0.663,0.239,0.9572
0.141,0.748,0.111,-0.6143
0.048,0.898,0.054,0.5229
0.016,0.892,0.092,0.7845
0.043,0.905,0.051,0.2023
0.117,0.81,0.072,-0.9515
0.041,0.924,0.034,0.3286
0.011,0.728,0.261,0.9808
0.158,0.792,0.049,-0.8812
0.244,0.688,0.068,-0.9312
0.09,0.818,0.092,0.0276
0.084,0.791,0.125,0.7579
0.1,0.833,0.068,-0.8671
0.135,0.702,0.163,0.2176
0.08,0.76,0.16,0.9221
0.064,0.918,0.018,-0.9167
0.06,0.847,0.093,0.8402
0.024,0.779,0.197,0.9891
0.037,0.935,0.028,-0.0026
0.125,0.775,0.1,-0.5613
0.116,0.884,0.0,-0.9334
0.081,0.815,0.104,0.9249
0.193,0.727,0.079,-0.9771
0.15,0.758,0.092,-0.7415
0.117,0.804,0.078,-0.9365
0.016,0.93,0.054,0.9011
0.092,0.804,0.104,0.7818
0.138,0.702,0.16,0.3123
0.103,0.845,0.052,-0.6652
0.065,0.77,0.165,0.9876
0.128,0.781,0.091,-0.4305
0.06,0.797,0.144,0.9473
0.121,0.765,0.115,0.3474
0.15,0.794,0.056,-0.9048
0.135,0.788,0.077,-0.6124
0.129,0.728,0.143,0.6803
0.133,0.776,0.091,-0.7809
0.074,0.756,0.17,0.9957
0.169,0.831,0.0,-0.933
0.075,0.816,0.11,0.8671
0.178,0.765,0.056,-0.9874
0.046,0.786,0.167,0.9932
0.054,0.779,0.167,0.9603
0.073,0.714,0.213,0.8132
0.146,0.804,0.05,-0.7814
0.063,0.894,0.043,-0.5647
0.048,0.787,0.165,0.9509
0.095,0.848,0.058,-0.9176
0.112,0.837,0.052,-0.8016
0.068,0.897,0.035,-0.6257
0.05,0.872,0.078,0.4639
0.094,0.828,0.078,-0.3998
0.126,0.757,0.117,0.1302
0.158,0.803,0.039,-0.9426
0.073,0.908,0.019,-0.9343
0.063,0.88,0.057,0.0346
0.016,0.907,0.076,0.8315
0.105,0.766,0.13,0.4422
0.145,0.75,0.105,-0.829
0.05,0.898,0.052,0.5218
0.136,0.84,0.024,-0.9515
0.064,0.719,0.217,0.994
0.117,0.839,0.044,-0.8332
0.131,0.808,0.061,-0.8564
0.135,0.809,0.056,-0.9334
0.012,0.865,0.123,0.9052
0.071,0.813,0.116,0.9284
0.103,0.84,0.058,-0.8977
0.088,0.906,0.007,-0.9683
0.192,0.752,0.056,-0.9843
0.059,0.835,0.106,0.6588
0.088,0.858,0.054,-0.8366
0.102,0.772,0.126,0.4255
0.07,0.93,0.0,-0.6806
0.042,0.867,0.091,0.9818
0.046,0.906,0.048,0.5576
0.188,0.778,0.035,-0.7964
0.046,0.861,0.093,0.6996
0.078,0.829,0.093,0.8932
0.071,0.794,0.135,0.8266
0.157,0.689,0.154,-0.0806
0.067,0.777,0.156,0.937
0.124,0.854,0.022,-0.7013
0.15,0.823,0.027,-0.9762
0.125,0.857,0.018,-0.9139
0.0,0.738,0.262,0.9648
0.159,0.732,0.109,-0.9386
0.033,0.864,0.103,0.937
0.031,0.844,0.125,0.6402
0.137,0.819,0.044,-0.7096
0.065,0.71,0.225,0.9748
0.168,0.738,0.094,-0.6769
0.08,0.799,0.121,0.8652
0.048,0.851,0.101,0.9715
0.041,0.87,0.089,0.9514
0.067,0.826,0.107,0.8806
0.045,0.815,0.139,0.8798
0.07,0.678,0.252,0.9738
0.011,0.832,0.157,0.975
0.055,0.817,0.129,0.9571
0.108,0.839,0.054,-0.8213
0.04,0.906,0.054,0.2225
0.124,0.778,0.098,-0.3103
0.055,0.866,0.079,0.5509
0.052,0.774,0.174,0.8442
0.116,0.864,0.02,-0.9475
0.135,0.786,0.079,-0.8205
0.123,0.877,0.0,-0.8957
0.049,0.797,0.154,0.9936
0.043,0.846,0.111,0.9265
0.076,0.819,0.105,0.5267
0.0,0.766,0.234,0.9491
0.083,0.846,0.071,-0.2024
0.11,0.821,0.069,-0.59
0.051,0.838,0.111,0.895
0.075,0.796,0.129,0.9604
0.069,0.769,0.162,0.7221
0.135,0.832,0.032,-0.9782
0.232,0.718,0.05,-0.936
0.123,0.846,0.031,-0.8967
0.119,0.793,0.088,-0.7235
0.077,0.842,0.081,0.2023
0.046,0.9,0.053,-0.0386
0.108,0.771,0.121,0.4987
0.108,0.749,0.142,0.8196
0.023,0.947,0.031,0.3786
0.03,0.806,0.164,0.9851
0.153,0.833,0.015,-0.9663
0.071,0.807,0.122,0.5474
0.046,0.904,0.05,0.1779
0.112,0.828,0.06,-0.9594
0.0,0.671,0.329,0.9721
0.091,0.808,0.101,0.3153
0.04,0.861,0.099,0.9604
0.01,0.808,0.182,0.9703
0.139,0.663,0.198,0.3017
0.055,0.839,0.106,0.6588
0.081,0.758,0.161,0.976
0.095,0.866,0.04,-0.9667
0.046,0.666,0.288,0.9908
0.072,0.8,0.127,0.928
0.055,0.842,0.103,0.8662
0.095,0.851,0.054,-0.5535
0.12,0.781,0.099,-0.9439
0.103,0.785,0.112,0.4914
0.084,0.81,0.106,0.8566
0.141,0.836,0.023,-0.958
0.103,0.793,0.103,0.0056
0.094,0.805,0.1,0.7836
0.084,0.854,0.062,-0.4077
0.16,0.808,0.032,-0.9441
0.065,0.921,0.014,-0.9044
0.072,0.849,0.079,0.46
0.084,0.829,0.087,-0.3559
0.092,0.795,0.113,0.6703
0.059,0.89,0.051,-0.1712
0.087,0.782,0.131,0.6655
0.081,0.822,0.096,0.1027
0.064,0.85,0.086,0.4054
0.056,0.891,0.053,-0.2023
0.048,0.862,0.089,0.7789
0.081,0.869,0.049,-0.6727
0.087,0.894,0.019,-0.9209
0.14,0.811,0.049,-0.9676
0.054,0.934,0.012,-0.7104
0.098,0.863,0.039,-0.8098
0.043,0.926,0.031,-0.5854
0.162,0.788,0.05,-0.8878
0.109,0.847,0.044,-0.9759
0.057,0.777,0.166,0.9792
0.006,0.92,0.073,0.9205
0.052,0.917,0.032,-0.0516
0.065,0.904,0.032,-0.5714
0.126,0.802,0.072,-0.8384
0.111,0.859,0.03,-0.9327
0.141,0.707,0.152,0.8134
0.096,0.759,0.145,0.9679
0.086,0.765,0.148,0.9625
0.069,0.878,0.053,-0.5204
0.097,0.858,0.045,-0.6146
0.058,0.847,0.094,0.8941
0.045,0.746,0.209,0.9849
0.13,0.77,0.1,-0.4756
0.065,0.802,0.133,0.9733
0.067,0.855,0.079,0.9038
0.105,0.741,0.154,0.9596
0.068,0.847,0.084,0.9179
0.097,0.8,0.103,0.3403
0.073,0.887,0.04,-0.2382
0.09,0.896,0.014,-0.9246
0.081,0.79,0.129,0.9228
0.019,0.93,0.051,0.6124
0.062,0.852,0.086,0.5169
0.27,0.687,0.044,-0.9945
0.155,0.815,0.03,-0.9926
0.102,0.862,0.036,-0.8312
0.184,0.751,0.065,-0.9161
0.111,0.831,0.058,-0.8879
0.173,0.763,0.064,-0.9792
0.088,0.795,0.117,0.7432
0.041,0.862,0.097,0.9363
0.108,0.783,0.109,-0.7736
0.094,0.887,0.019,-0.9448
0.066,0.756,0.178,0.9877
0.06,0.859,0.081,0.6234
0.093,0.907,0.0,-0.8425
0.138,0.716,0.146,0.296
0.16,0.751,0.089,-0.6948
0.05,0.896,0.054,0.6242
0.068,0.839,0.094,0.34
0.088,0.743,0.169,0.7922
0.015,0.812,0.172,0.9782
0.032,0.875,0.093,0.8074
0.085,0.814,0.101,0.3103
0.124,0.804,0.072,-0.8545
0.06,0.793,0.147,0.8958
0.11,0.742,0.148,0.5709
0.119,0.881,0.0,-0.8882
0.091,0.823,0.086,0.2258
0.061,0.918,0.02,-0.7349
0.141,0.821,0.038,-0.6808
0.193,0.791,0.016,-0.9828
0.127,0.83,0.043,-0.9512
0.102,0.773,0.125,0.4889
0.043,0.917,0.04,-0.1717
0.123,0.835,0.042,-0.9422
0.088,0.852,0.061,-0.9278
0.039,0.877,0.084,0.6808
0.058,0.849,0.093,0.7543
0.052,0.862,0.087,0.8575
0.034,0.888,0.078,0.9169
0.095,0.833,0.072,-0.2878
0.074,0.87,0.056,-0.5808
0.054,0.834,0.111,0.9334
0.048,0.846,0.106,0.9681
0.035,0.79,0.175,0.969
0.045,0.719,0.236,0.9611
0.151,0.797,0.052,-0.7269
0.047,0.852,0.102,0.8395
0.085,0.869,0.046,-0.3912
0.087,0.841,0.071,-0.8726
0.059,0.723,0.219,0.936
0.16,0.806,0.034,-0.9838
0.039,0.829,0.132,0.9887
0.141,0.804,0.056,-0.9789
0.094,0.813,0.093,0.2828
0.0,0.817,0.183,0.8919
0.057,0.809,0.134,0.9358
0.062,0.861,0.076,0.7105
0.052,0.785,0.163,0.9868
0.088,0.885,0.026,-0.8655
0.238,0.762,0.0,-0.9456
0.077,0.877,0.046,-0.8874
0.098,0.703,0.198,0.8827
0.106,0.789,0.105,-0.5469
0.061,0.842,0.097,0.9229
0.0,0.71,0.29,0.9628
0.029,0.922,0.049,0.6535
0.1,0.826,0.073,-0.9651
0.064,0.904,0.032,-0.4201
0.118,0.793,0.089,-0.8992
0.105,0.719,0.176,0.9432
0.041,0.937,0.022,-0.5756
0.101,0.899,0.0,-0.8594
0.0,0.766,0.234,0.9686
0.076,0.82,0.104,0.6106
0.185,0.775,0.04,-0.9718
0.063,0.854,0.083,0.692
0.018,0.66,0.322,0.9916
0.036,0.932,0.031,-0.2028
0.124,0.8,0.076,-0.6911
0.072,0.869,0.059,-0.2399
0.034,0.889,0.076,0.6765
0.036,0.892,0.073,0.5557
0.072,0.889,0.038,-0.9154
0.155,0.769,0.077,-0.9269
0.092,0.787,0.121,0.6956
0.088,0.891,0.021,-0.6908
0.122,0.819,0.059,-0.975
0.103,0.853,0.044,-0.8955
0.099,0.805,0.096,0.4068
0.048,0.784,0.168,0.7391
0.083,0.867,0.05,-0.7964
0.036,0.828,0.136,0.7845
0.04,0.863,0.097,0.4939
0.073,0.827,0.1,0.1027
0.09,0.826,0.085,0.4632
0.054,0.756,0.191,0.9686
0.134,0.82,0.046,-0.7639
0.071,0.771,0.158,0.9446
0.039,0.778,0.183,0.9307
0.105,0.802,0.093,-0.7612
0.032,0.815,0.154,0.9879
0.151,0.8,0.049,-0.8324
0.128,0.718,0.155,0.7679
0.117,0.844,0.039,-0.9225
0.079,0.86,0.061,-0.2505
0.028,0.886,0.086,0.8947
0.067,0.807,0.126,0.6976
0.063,0.826,0.111,0.7684
0.176,0.794,0.03,-0.9217
0.107,0.836,0.057,-0.9755
0.094,0.886,0.02,-0.8222
0.091,0.811,0.098,0.0772
0.025,0.742,0.233,0.985
0.076,0.816,0.108,0.7912
0.1,0.87,0.03,-0.9687
0.12,0.812,0.068,-0.9058
0.068,0.805,0.127,0.8146
0.082,0.746,0.173,0.9889
0.128,0.761,0.111,-0.3049
0.0,0.802,0.198,0.9229
0.032,0.803,0.165,0.9637
0.237,0.763,0.0,-0.9349
0.058,0.866,0.075,0.5551
0.044,0.867,0.089,0.8808
0.306,0.694,0.0,-0.9545
0.117,0.843,0.04,-0.9875
0.163,0.78,0.058,-0.9607
0.13,0.8,0.071,-0.7612
0.033,0.776,0.191,0.8906
0.107,0.82,0.073,-0.8126
0.094,0.866,0.039,-0.9813
0.103,0.724,0.173,0.9682
0.0,0.962,0.038,0.6249
0.087,0.863,0.049,-0.9211
0.111,0.848,0.041,-0.9348
0.128,0.798,0.073,-0.9505
0.144,0.83,0.026,-0.9834
0.151,0.794,0.055,-0.9835
0.12,0.784,0.096,-0.7661
0.021,0.88,0.099,0.8481
0.066,0.87,0.064,-0.0398
0.085,0.8,0.115,0.9294
0.079,0.824,0.096,-0.0833
0.032,0.881,0.087,0.895
0.025,0.89,0.085,0.5341
0.023,0.838,0.139,0.948
0.19,0.76,0.05,-0.8848
0.081,0.865,0.054,-0.8542
0.09,0.877,0.034,-0.5664
0.088,0.718,0.193,0.8588
0.183,0.817,0.0,-0.9758
0.202,0.751,0.047,-0.9707
0.035,0.9,0.066,0.8402
0.186,0.756,0.058,-0.9516
0.123,0.844,0.033,-0.9206
0.11,0.849,0.041,-0.8442
0.021,0.785,0.194,0.997
0.148,0.76,0.092,-0.8049
0.087,0.873,0.039,-0.7906
0.084,0.777,0.139,0.796
0.109,0.795,0.096,-0.2728
0.047,0.855,0.099,0.7558
0.058,0.875,0.067,0.2406
0.049,0.805,0.147,0.9873
0.024,0.809,0.167,0.993
0.121,0.82,0.059,-0.9217
0.0,0.829,0.171,0.8655
0.074,0.834,0.092,0.6757
0.072,0.785,0.142,0.9527
0.157,0.79,0.053,-0.9423
0.033,0.846,0.121,0.9301
0.054,0.723,0.224,0.9427
0.085,0.827,0.088,0.6635
0.165,0.757,0.078,-0.9081
0.132,0.824,0.044,-0.7845
0.102,0.816,0.083,-0.5515
0.075,0.798,0.128,0.7067
0.115,0.825,0.06,-0.9313
0.088,0.826,0.086,-0.465
0.033,0.865,0.102,0.9551
0.0,0.752,0.248,0.9501
0.098,0.78,0.122,0.6842
0.095,0.816,0.09,0.2681
0.176,0.789,0.035,-0.9531
0.072,0.799,0.129,0.8307
0.099,0.901,0.0,-0.9484
0.095,0.837,0.068,-0.3628
0.131,0.796,0.073,-0.9108
0.063,0.838,0.1,0.7556
0.041,0.864,0.095,0.4019
0.15,0.772,0.078,-0.9784
0.079,0.818,0.103,0.2609
0.137,0.852,0.012,-0.968
0.104,0.853,0.043,-0.9343
0.066,0.75,0.184,0.7823
0.079,0.734,0.187,0.7845
0.06,0.829,0.111,0.5574
0.145,0.674,0.18,0.9357
0.097,0.803,0.1,0.1188
0.07,0.838,0.092,0.8115
0.082,0.866,0.053,-0.293
0.116,0.884,0.0,-0.9494
0.054,0.757,0.189,0.9917
0.102,0.866,0.031,-0.7356
0.09,0.846,0.063,-0.2283
0.148,0.784,0.068,-0.9568
0.009,0.882,0.109,0.9359
0.233,0.694,0.073,-0.9315
0.093,0.866,0.042,-0.9422
0.068,0.804,0.128,0.7185
0.058,0.841,0.101,0.7295
0.098,0.857,0.045,-0.7013
0.117,0.785,0.098,-0.4273
0.107,0.86,0.034,-0.9293
0.031,0.841,0.128,0.9772
0.073,0.748,0.179,0.93
0.078,0.779,0.143,0.8157
0.068,0.831,0.101,0.34
0.125,0.781,0.095,-0.6556
0.023,0.787,0.19,0.9347
0.094,0.685,0.221,0.8907
0.015,0.872,0.113,0.8128
0.109,0.868,0.023,-0.8384
0.16,0.768,0.072,-0.9635
0.07,0.856,0.074,-0.1766
0.025,0.867,0.108,0.9485
0.08,0.815,0.105,0.9294
0.012,0.771,0.216,0.988
0.208,0.751,0.041,-0.9894
0.091,0.803,0.105,0.5197
0.0,0.876,0.124,0.9212
0.065,0.753,0.181,0.7771
0.056,0.73,0.214,0.9311
0.1,0.846,0.054,-0.9804
0.221,0.757,0.022,-0.9512
0.082,0.855,0.063,-0.8542
0.025,0.755,0.22,0.9633
0.074,0.86,0.066,0.1045
0.147,0.768,0.084,-0.9505
0.029,0.839,0.132,0.9111
0.049,0.736,0.215,0.9421
0.113,0.798,0.089,-0.7119
0.085,0.827,0.088,0.8242
0.132,0.849,0.019,-0.9062
0.062,0.868,0.07,0.1531
0.0,0.854,0.146,0.9337
0.023,0.93,0.048,0.8436
0.031,0.691,0.279,0.9606
0.11,0.827,0.064,-0.6147
0.024,0.926,0.051,0.6121
0.088,0.892,0.02,-0.9386
0.086,0.725,0.188,0.7569
0.047,0.858,0.095,0.912
0.055,0.755,0.19,0.9944
0.108,0.849,0.043,-0.9119
0.086,0.914,0.0,-0.8622
0.094,0.801,0.105,0.148
0.0,0.774,0.226,0.9791
0.096,0.818,0.086,-0.0868
0.0,0.775,0.225,0.9719
0.131,0.782,0.087,-0.969
0.162,0.742,0.096,-0.7447
0.027,0.768,0.205,0.9855
0.09,0.844,0.066,-0.7782
0.0,0.887,0.113,0.765
0.111,0.796,0.093,-0.725
0.131,0.696,0.173,0.539
0.069,0.836,0.095,0.5886
0.029,0.698,0.273,0.982
0.076,0.899,0.025,-0.7579
0.143,0.768,0.089,-0.8083
0.025,0.73,0.244,0.9944
0.069,0.829,0.102,0.8953
0.068,0.841,0.09,0.797
0.062,0.844,0.094,0.9299
0.0,0.747,0.253,0.9859
0.072,0.848,0.08,0.3595
0.068,0.878,0.054,-0.2724
0.0,0.698,0.302,0.9947
0.101,0.88,0.019,-0.9348
0.059,0.824,0.117,0.6597
0.067,0.78,0.153,0.9308
0.015,0.864,0.121,0.9741
0.037,0.676,0.287,0.9413
0.086,0.862,0.052,-0.8181
0.059,0.914,0.027,-0.7877
0.097,0.78,0.123,0.2831
0.046,0.855,0.099,0.8933
0.137,0.732,0.132,-0.0605
0.078,0.835,0.087,0.1969
0.109,0.859,0.031,-0.8956
0.06,0.758,0.182,0.8876
0.114,0.812,0.074,-0.5513
0.051,0.855,0.094,0.8159
0.068,0.844,0.088,0.7959
0.039,0.918,0.042,0.1287
0.079,0.855,0.067,-0.381
0.125,0.794,0.08,-0.8382
0.12,0.713,0.167,0.8257
0.047,0.769,0.184,0.7964
0.104,0.811,0.085,-0.866
0.052,0.905,0.043,0.0762
0.038,0.872,0.09,0.6908
0.219,0.714,0.067,-0.9797
0.136,0.822,0.042,-0.962
0.025,0.703,0.272,0.982
0.117,0.714,0.168,0.6405
0.104,0.838,0.058,-0.7438
0.056,0.786,0.158,0.9593
0.129,0.821,0.05,-0.9432
0.057,0.913,0.03,-0.8722
0.14,0.767,0.093,-0.7111
0.077,0.807,0.116,0.9114
0.066,0.879,0.055,-0.0027
0.074,0.892,0.033,-0.7669
0.151,0.746,0.102,-0.8428
0.1,0.857,0.043,-0.7796
0.061,0.783,0.156,0.9833
0.145,0.696,0.158,0.2445
0.05,0.824,0.126,0.8775
0.016,0.802,0.182,0.9825
0.071,0.78,0.15,0.8119
0.103,0.777,0.12,0.8794
0.087,0.872,0.041,-0.8287
0.035,0.74,0.224,0.9827
0.101,0.791,0.107,0.1956
0.061,0.887,0.052,-0.1531
0.017,0.865,0.118,0.7876
0.06,0.888,0.052,-0.016
0.082,0.803,0.115,0.899
0.155,0.811,0.034,-0.9726
0.044,0.931,0.025,-0.6507
0.026,0.827,0.147,0.9773
0.162,0.818,0.02,-0.9558
0.083,0.758,0.159,0.9914
0.033,0.815,0.152,0.9782
0.04,0.82,0.14,0.8477
0.009,0.877,0.114,0.9742
0.024,0.94,0.036,0.2732
0.045,0.866,0.089,0.9294
0.113,0.668,0.219,0.9271
0.027,0.902,0.071,0.95
0.0,0.701,0.299,0.9559
0.07,0.844,0.086,0.8418
0.097,0.903,0.0,-0.8805
0.096,0.837,0.068,0.1531
0.091,0.828,0.081,0.3155
0.052,0.907,0.041,-0.3872
0.128,0.813,0.06,-0.9737
0.197,0.73,0.074,-0.9821
0.128,0.784,0.088,-0.3626
0.029,0.763,0.208,0.9274
0.193,0.74,0.068,-0.9806
0.135,0.865,0.0,-0.9657
0.073,0.84,0.088,0.3871
0.134,0.789,0.077,-0.7096
0.047,0.732,0.22,0.9906
0.092,0.76,0.148,0.8944
0.079,0.866,0.055,-0.608
0.027,0.867,0.105,0.9929
0.111,0.801,0.088,0.0644
0.07,0.77,0.16,0.9285
0.111,0.736,0.153,0.8656
0.085,0.864,0.051,-0.9615
0.03,0.817,0.153,0.8683
0.016,0.933,0.051,0.6196
0.183,0.778,0.039,-0.9832
0.063,0.875,0.062,-0.2669
0.043,0.813,0.144,0.7024
0.136,0.737,0.127,-0.3226
0.065,0.859,0.076,0.4219
0.039,0.813,0.147,0.8638
0.142,0.858,0.0,-0.7142
0.063,0.905,0.032,-0.6218
0.044,0.789,0.167,0.7716
0.155,0.768,0.077,-0.9838
0.045,0.918,0.036,-0.3081
0.094,0.882,0.024,-0.5878
0.061,0.833,0.106,0.9659
0.107,0.811,0.082,-0.8338
0.0,0.698,0.302,0.9559
0.117,0.754,0.128,0.4981
0.052,0.826,0.122,0.8591
0.05,0.806,0.145,0.9426
0.08,0.883,0.037,-0.6872
0.0,0.777,0.223,0.9257
0.171,0.792,0.037,-0.9231
0.062,0.865,0.073,0.6533
0.039,0.825,0.137,0.933
0.024,0.721,0.256,0.9493
0.071,0.908,0.021,-0.6808
0.038,0.92,0.041,0.2382
0.037,0.883,0.08,0.9009
0.123,0.824,0.053,-0.7367
0.068,0.87,0.062,-0.276
0.049,0.825,0.126,0.9704
0.098,0.761,0.141,0.8687
0.05,0.885,0.065,0.296
0.177,0.633,0.19,0.0971
0.164,0.788,0.049,-0.9821
0.08,0.755,0.165,0.9514
0.127,0.873,0.0,-0.9647
0.108,0.803,0.089,-0.3848
0.016,0.937,0.047,0.5262
0.05,0.862,0.089,0.9646
0.036,0.837,0.127,0.9823
0.119,0.84,0.041,-0.8519
0.179,0.768,0.053,-0.993
0.0,0.733,0.267,0.9599
0.071,0.754,0.175,0.9156
0.02,0.799,0.181,0.9945
0.114,0.87,0.016,-0.8538
0.063,0.92,0.017,-0.7715
0.093,0.804,0.103,0.2023
0.149,0.833,0.018,-0.9722
0.032,0.829,0.139,0.9774
0.055,0.812,0.133,0.9156
0.148,0.769,0.083,-0.9092
0.022,0.84,0.138,0.9481
0.131,0.72,0.15,0.7759
0.079,0.78,0.141,0.9538
0.153,0.745,0.101,-0.6266
0.028,0.739,0.233,0.9856
0.017,0.756,0.228,0.9607
0.046,0.889,0.065,0.4617
0.0,0.712,0.288,0.9691
0.111,0.83,0.059,-0.9292
0.065,0.77,0.165,0.8813
0.08,0.846,0.074,-0.0361
0.155,0.845,0.0,-0.9481
0.069,0.798,0.132,0.5859
0.11,0.831,0.059,-0.8775
0.036,0.845,0.119,0.8905
0.01,0.8,0.191,0.9848
0.025,0.799,0.176,0.9406
0.098,0.868,0.034,-0.891
0.139,0.683,0.178,0.6563
0.131,0.845,0.024,-0.8386
0.04,0.887,0.073,0.8704
0.075,0.885,0.04,-0.6324
0.133,0.829,0.038,-0.9565
0.135,0.82,0.045,-0.9667
0.138,0.81,0.052,-0.957
0.11,0.765,0.125,0.4446
0.111,0.859,0.03,-0.8802
0.114,0.805,0.08,-0.3239
0.086,0.868,0.045,-0.7753
0.083,0.784,0.133,0.8366
0.0,0.759,0.241,0.9182
0.077,0.905,0.018,-0.765
0.065,0.863,0.073,0.4191
0.1,0.749,0.151,0.8777
0.0,0.76,0.24,0.9958
0.083,0.89,0.028,-0.9595
0.105,0.853,0.042,-0.7783
0.074,0.816,0.11,0.8532
0.147,0.784,0.069,-0.916
0.014,0.751,0.234,0.9936
0.127,0.825,0.048,-0.4767
0.15,0.689,0.161,-0.007
0.057,0.885,0.058,0.6092
0.0,0.917,0.083,0.8315
0.122,0.719,0.159,0.4115
0.011,0.886,0.103,0.9951
0.067,0.813,0.12,0.6904
0.061,0.833,0.106,0.4398
0.104,0.823,0.073,-0.9675
0.126,0.839,0.035,-0.8779
0.057,0.877,0.066,0.5952
0.048,0.761,0.191,0.9782
0.079,0.875,0.046,-0.9495
0.068,0.871,0.061,-0.1975
0.078,0.779,0.143,0.924
0.047,0.811,0.142,0.9221
0.061,0.861,0.078,0.8414
0.024,0.819,0.157,0.8626
0.025,0.7,0.274,0.9969
0.135,0.838,0.028,-0.8588
0.149,0.812,0.038,-0.9179
0.043,0.827,0.129,0.9284
0.054,0.778,0.169,0.9072
0.08,0.815,0.105,0.8382
0.087,0.858,0.055,-0.296
0.031,0.723,0.247,0.9836
0.071,0.787,0.142,0.7635
0.051,0.741,0.208,0.9915
0.071,0.861,0.068,-0.0678
0.088,0.81,0.102,0.3474
0.0,0.748,0.252,0.9727
0.043,0.957,0.0,-0.3923
0.038,0.92,0.043,0.1147
0.028,0.941,0.031,0.1531
0.138,0.804,0.058,-0.8673
0.034,0.908,0.058,0.5279
0.027,0.743,0.23,0.9623
0.056,0.819,0.125,0.9286
0.091,0.882,0.028,-0.8883
0.034,0.784,0.183,0.9979
0.045,0.765,0.19,0.9937
0.083,0.834,0.083,0.0257
0.062,0.844,0.094,0.8296
0.071,0.722,0.208,0.9422
0.098,0.833,0.069,-0.2359
0.108,0.856,0.036,-0.9673
0.054,0.869,0.077,0.1027
0.156,0.711,0.133,-0.2294
0.0,0.959,0.041,0.34
0.031,0.895,0.074,0.6757
0.0,0.94,0.06,0.7425
0.027,0.853,0.12,0.8608
0.149,0.851,0.0,-0.9418
0.064,0.906,0.03,-0.8633
0.129,0.826,0.045,-0.9481
0.0,0.761,0.239,0.9606
0.058,0.818,0.123,0.9401
0.072,0.829,0.099,0.8232
0.023,0.859,0.119,0.8225
0.09,0.842,0.068,-0.3818
0.048,0.872,0.08,0.6331
0.073,0.822,0.105,0.7834
0.059,0.879,0.063,0.4079
0.086,0.8,0.114,0.6673
0.091,0.861,0.048,-0.5023
0.035,0.857,0.108,0.9378
0.059,0.826,0.115,0.9419
0.033,0.797,0.17,0.7089
0.049,0.852,0.099,0.9526
0.106,0.768,0.126,0.7421
0.056,0.778,0.166,0.9613
0.0,0.873,0.127,0.8519
0.148,0.794,0.058,-0.9774
0.084,0.793,0.123,0.8928
0.092,0.871,0.037,-0.8402
0.125,0.825,0.05,-0.8237
0.071,0.878,0.051,-0.3102
0.102,0.856,0.042,-0.9826
0.074,0.901,0.026,-0.9427
0.046,0.938,0.015,-0.3716
0.038,0.922,0.04,0.09
0.087,0.756,0.157,0.9159
0.052,0.872,0.075,0.8291
0.038,0.765,0.197,0.995
0.112,0.785,0.103,-0.3269
0.124,0.822,0.055,-0.8176
0.148,0.751,0.101,-0.5719
0.078,0.751,0.171,0.9689
0.0,0.836,0.164,0.9042
0.123,0.735,0.143,0.1797
0.0,0.733,0.267,0.9912
0.02,0.771,0.209,0.9958
0.119,0.699,0.182,0.8096
0.195,0.756,0.049,-0.9556
0.107,0.814,0.08,-0.6251
0.035,0.842,0.123,0.9414
0.061,0.762,0.178,0.99
0.009,0.764,0.226,0.997
0.203,0.762,0.036,-0.9212
0.0,0.889,0.111,0.9555
0.0,0.835,0.165,0.8519
0.021,0.915,0.064,0.7881
0.06,0.886,0.053,-0.6703
0.059,0.88,0.062,0.4767
0.058,0.887,0.055,0.0559
0.072,0.813,0.115,0.9824
0.09,0.855,0.055,-0.9304
0.105,0.841,0.054,-0.8613
0.108,0.809,0.083,-0.5767
0.06,0.699,0.24,0.9286
0.0,0.899,0.101,0.8313
0.0,0.824,0.176,0.9775
0.038,0.865,0.096,0.8373
0.043,0.812,0.145,0.9046
0.0,0.765,0.235,0.9874
0.0,0.759,0.241,0.9715
0.019,0.755,0.227,0.9712
0.0,0.77,0.23,0.9712
0.013,0.869,0.118,0.9818
0.129,0.803,0.068,-0.8807
0.063,0.875,0.062,0.1528
0.036,0.863,0.101,0.8128
0.07,0.885,0.045,-0.0258
0.022,0.877,0.101,0.8996
0.0,0.935,0.065,0.5647
0.036,0.878,0.086,0.6808
0.053,0.78,0.167,0.9653
0.05,0.804,0.146,0.7906
0.112,0.645,0.242,0.8046
0.112,0.844,0.044,-0.8979
0.073,0.899,0.028,-0.6116
0.078,0.826,0.096,0.5799
0.047,0.91,0.043,-0.1983
0.104,0.756,0.139,0.9355
0.0,0.878,0.122,0.785
0.0,0.881,0.119,0.6249
0.083,0.753,0.165,0.8934
0.05,0.806,0.143,0.9351
0.073,0.753,0.174,0.9413
0.0,0.766,0.234,0.9472
0.092,0.82,0.088,-0.1796
0.056,0.856,0.088,0.9436
0.057,0.77,0.174,0.9674
0.098,0.73,0.172,0.746
0.0,0.694,0.306,0.9722
0.0,0.928,0.072,0.5574
0.077,0.842,0.081,0.2263
0.011,0.933,0.056,0.743
0.072,0.849,0.079,0.352
0.125,0.781,0.094,-0.3875
0.09,0.761,0.149,0.9028
0.075,0.776,0.149,0.9175
0.038,0.76,0.202,0.8591
0.0,0.882,0.118,0.7717
0.048,0.859,0.093,0.9513
0.019,0.779,0.202,0.9949
0.107,0.78,0.112,-0.3981
0.098,0.881,0.021,-0.9014
0.18,0.679,0.141,-0.4429
0.068,0.761,0.17,0.8149
0.149,0.77,0.081,-0.7876
0.089,0.687,0.224,0.9052
0.08,0.851,0.068,-0.4402
0.061,0.78,0.159,0.7783
0.063,0.913,0.024,-0.6553
0.031,0.763,0.206,0.9807
0.137,0.751,0.112,-0.5822
0.101,0.77,0.128,0.3755
0.082,0.828,0.09,0.207
0.096,0.752,0.152,0.7053
0.104,0.807,0.088,-0.2905
0.151,0.794,0.055,-0.836
0.054,0.76,0.186,0.9539
0.061,0.828,0.111,0.4933
0.083,0.792,0.124,0.7781
0.113,0.837,0.049,-0.9604
0.058,0.807,0.135,0.9905
0.0,0.885,0.115,0.7845
0.0,0.713,0.287,0.9923
0.023,0.762,0.215,0.9933
0.071,0.792,0.136,0.9022
0.021,0.927,0.052,0.3818
0.111,0.769,0.12,0.3854
0.041,0.838,0.122,0.921
0.016,0.767,0.217,0.9485
0.122,0.767,0.112,-0.2165
0.153,0.746,0.101,-0.7418
0.029,0.845,0.126,0.9595
0.075,0.852,0.074,0.2014
0.052,0.84,0.108,0.9716
0.075,0.912,0.013,-0.7706
0.024,0.807,0.169,0.9549
0.027,0.809,0.164,0.9807
0.215,0.785,0.0,-0.8807
0.083,0.838,0.079,-0.3499
0.103,0.796,0.101,-0.0558
0.11,0.793,0.097,-0.4723
0.03,0.874,0.096,0.9287
0.145,0.71,0.145,0.4413
0.045,0.694,0.262,0.9871
0.149,0.816,0.035,-0.9684
0.051,0.731,0.218,0.9468
0.037,0.904,0.059,0.25
0.082,0.893,0.025,-0.9301
0.018,0.746,0.236,0.9506
0.075,0.798,0.127,0.978
0.085,0.858,0.057,-0.7529
0.109,0.746,0.144,0.8519
0.037,0.823,0.14,0.9082
0.03,0.897,0.074,0.6886
0.0,0.628,0.372,0.971
0.109,0.751,0.14,0.296
0.025,0.886,0.089,0.8532
0.133,0.83,0.036,-0.918
0.024,0.839,0.137,0.8558
0.025,0.859,0.116,0.7906
0.103,0.833,0.064,-0.5346
0.0,0.761,0.239,0.9438
0.035,0.741,0.225,0.9809
0.053,0.904,0.042,-0.4096
0.035,0.965,0.0,-0.3585
0.094,0.728,0.178,0.9759
0.052,0.902,0.046,-0.1632
0.114,0.7,0.187,0.8718
0.104,0.749,0.147,0.8844
0.162,0.717,0.121,-0.9301
0.042,0.905,0.053,0.4621
0.077,0.884,0.039,-0.5239
0.077,0.836,0.087,0.0745
0.097,0.839,0.064,-0.6307
0.087,0.818,0.095,0.5684
0.128,0.716,0.155,0.6404
0.079,0.735,0.186,0.9845
0.018,0.673,0.309,0.9826
0.022,0.843,0.135,0.9766
0.083,0.826,0.09,-0.0635
0.061,0.871,0.068,0.0
0.042,0.871,0.087,0.6464
0.075,0.783,0.143,0.8625
0.157,0.754,0.089,-0.8307
0.109,0.822,0.07,-0.9214
0.066,0.702,0.233,0.9746
0.038,0.896,0.065,0.5191
0.0,0.757,0.243,0.9468
0.075,0.771,0.153,0.971
0.062,0.839,0.1,0.9779
0.067,0.873,0.06,-0.3835
0.011,0.811,0.178,0.9791
0.071,0.864,0.066,-0.1236
0.173,0.718,0.109,-0.6065
0.208,0.746,0.046,-0.8832
0.023,0.863,0.113,0.9001
0.114,0.886,0.0,-0.7836
0.059,0.887,0.054,-0.1376
0.105,0.845,0.049,-0.7929
0.085,0.733,0.181,0.8402
0.063,0.849,0.088,0.894
0.0,0.787,0.213,0.9227
0.089,0.911,0.0,-0.9746
0.019,0.789,0.192,0.9919
0.083,0.886,0.031,-0.8172
0.02,0.93,0.05,0.4795
0.022,0.797,0.18,0.9698
0.175,0.781,0.044,-0.9531
0.019,0.816,0.165,0.9695
0.0,0.769,0.231,0.9359
0.133,0.832,0.034,-0.9239
0.037,0.902,0.061,0.8948
0.084,0.863,0.053,-0.5099
0.023,0.82,0.158,0.9258
0.111,0.682,0.207,0.8969
0.051,0.655,0.294,0.9929
0.1,0.864,0.036,-0.8854
0.084,0.81,0.106,0.9436
0.035,0.922,0.043,0.0129
0.064,0.811,0.125,0.9411
0.106,0.728,0.166,0.8126
0.203,0.756,0.041,-0.9578
0.163,0.763,0.074,-0.9826
0.078,0.688,0.234,0.9663
0.058,0.85,0.092,0.7425
0.145,0.824,0.031,-0.8848
0.078,0.836,0.086,0.7718
0.181,0.766,0.053,-0.9915
0.0,0.896,0.104,0.7506
0.073,0.594,0.333,0.9682
0.14,0.792,0.069,-0.8943
0.064,0.834,0.102,0.6234
0.076,0.89,0.035,-0.9519
0.0,0.823,0.177,0.8481
0.052,0.879,0.069,0.4684
0.0,0.728,0.272,0.9522
0.074,0.722,0.205,0.8578
0.119,0.787,0.094,-0.9116
0.0,0.735,0.265,0.9779
0.082,0.888,0.03,-0.6801
0.0,0.77,0.23,0.9485
0.073,0.895,0.033,-0.7543
0.08,0.896,0.024,-0.8072
0.064,0.83,0.106,0.8269
0.043,0.699,0.258,0.8779
0.034,0.815,0.151,0.9361
0.097,0.797,0.105,0.6523
0.054,0.711,0.235,0.9687
0.107,0.834,0.059,-0.937
0.051,0.792,0.158,0.9371
0.093,0.829,0.078,-0.2268
0.0,0.735,0.265,0.9371
0.029,0.764,0.207,0.9267
0.023,0.657,0.321,0.9781
0.071,0.724,0.206,0.9078
0.014,0.816,0.17,0.9707
0.0,0.756,0.244,0.9584
0.052,0.828,0.12,0.9884
0.007,0.648,0.346,0.9991
0.044,0.699,0.257,0.9586
0.0,0.72,0.28,0.9838
0.042,0.958,0.0,-0.2952
0.051,0.844,0.105,0.6315
0.022,0.864,0.114,0.8402
0.133,0.743,0.124,0.0516
0.12,0.807,0.073,-0.8303
0.047,0.807,0.145,0.9673
0.039,0.833,0.128,0.9127
0.111,0.829,0.06,-0.9602
0.131,0.805,0.064,-0.7708
0.062,0.836,0.103,0.8378
0.143,0.779,0.078,-0.8976
0.043,0.923,0.033,-0.2656
0.057,0.787,0.156,0.7814
0.0,0.755,0.245,0.97
0.14,0.831,0.028,-0.9023
0.093,0.862,0.045,-0.9422
0.038,0.918,0.044,0.25
0.121,0.722,0.157,0.7002
0.144,0.814,0.042,-0.9135
0.208,0.792,0.0,-0.9039
0.089,0.858,0.053,-0.6022
0.209,0.791,0.0,-0.9838
0.04,0.838,0.122,0.6433
0.119,0.707,0.174,0.5252
0.08,0.572,0.348,0.9468
0.012,0.809,0.179,0.9794
0.037,0.766,0.196,0.9581
0.066,0.911,0.023,-0.7504
0.149,0.851,0.0,-0.9287
0.096,0.737,0.167,0.7326
0.055,0.743,0.202,0.9745
0.075,0.734,0.19,0.9332
0.06,0.94,0.0,-0.4404
0.047,0.807,0.145,0.9673
0.104,0.758,0.138,0.8481
0.039,0.833,0.128,0.9127
0.011,0.881,0.108,0.8986
0.077,0.9,0.024,-0.4767
0.094,0.783,0.123,0.25
0.031,0.869,0.1,0.9512
0.076,0.805,0.119,0.852
0.098,0.792,0.11,0.7393
0.01,0.899,0.09,0.9385
0.065,0.783,0.151,0.765
0.055,0.843,0.102,0.2732
0.083,0.711,0.206,0.9362
0.027,0.93,0.043,0.1901
0.114,0.799,0.087,-0.3975
0.058,0.874,0.068,0.5313
0.112,0.82,0.068,-0.7006
0.156,0.791,0.053,-0.9647
0.049,0.839,0.112,0.7845
0.109,0.804,0.087,-0.2023
0.068,0.855,0.077,-0.2144
0.017,0.868,0.116,0.9186
0.1,0.837,0.062,-0.9042
0.063,0.856,0.081,0.7164
0.04,0.946,0.014,-0.6351
0.057,0.805,0.138,0.4588
0.134,0.804,0.062,-0.8515
0.139,0.847,0.014,-0.9498
0.064,0.751,0.185,0.7553
0.084,0.746,0.17,0.8523
0.098,0.869,0.032,-0.6218
0.011,0.821,0.168,0.9816
0.052,0.803,0.145,0.7867
0.103,0.81,0.088,-0.5677
0.012,0.68,0.308,0.9885
0.22,0.664,0.117,-0.9045
0.091,0.848,0.061,-0.8498
0.145,0.724,0.131,0.0202
0.078,0.757,0.165,0.9853
0.0,0.939,0.061,0.5423
0.145,0.793,0.062,-0.8938
0.053,0.901,0.047,-0.1645
0.075,0.864,0.062,-0.2955
0.081,0.74,0.179,0.9321
0.061,0.911,0.028,-0.6119
0.11,0.849,0.041,-0.9398
0.0,0.786,0.214,0.9229
0.237,0.726,0.037,-0.9081
0.096,0.818,0.086,-0.3182
0.075,0.885,0.04,-0.9224
0.029,0.853,0.119,0.958
0.058,0.842,0.1,0.9001
0.059,0.836,0.105,0.3071
0.0,0.669,0.331,0.9771
0.128,0.814,0.058,-0.8659
0.035,0.811,0.154,0.9653
0.013,0.819,0.168,0.9836
0.105,0.86,0.034,-0.9658
0.065,0.749,0.186,0.9942
0.007,0.82,0.174,0.9905
0.021,0.723,0.256,0.9753
0.048,0.801,0.15,0.9534
0.034,0.938,0.029,-0.4484
0.029,0.881,0.09,0.8171
0.054,0.875,0.071,0.6046
0.057,0.907,0.036,-0.652
0.045,0.928,0.027,-0.5095
0.0,0.858,0.142,0.7436
0.1,0.85,0.05,-0.9698
0.048,0.83,0.122,0.9444
0.103,0.835,0.062,-0.5696
0.065,0.89,0.045,-0.4556
0.038,0.931,0.03,0.1999
0.045,0.68,0.275,0.9856
0.049,0.88,0.071,0.4051
0.064,0.91,0.026,-0.7096
0.0,0.693,0.307,0.985
0.105,0.798,0.097,-0.6939
0.114,0.829,0.058,-0.9001
0.071,0.84,0.089,0.6029
0.0,0.91,0.09,0.7227
0.043,0.906,0.051,0.2023
0.148,0.852,0.0,-0.9105
0.136,0.648,0.216,0.7417
0.018,0.773,0.209,0.93
0.084,0.773,0.144,0.8873
0.051,0.863,0.086,0.6325
0.11,0.753,0.137,0.3708
0.017,0.951,0.033,0.453
0.052,0.857,0.091,0.9337
0.022,0.929,0.048,0.716
0.061,0.727,0.212,0.9528
0.095,0.811,0.094,-0.0124
0.235,0.765,0.0,-0.9565
0.14,0.739,0.121,-0.4374
0.098,0.744,0.158,0.5627
0.019,0.767,0.214,0.9517
0.068,0.727,0.205,0.967
0.095,0.874,0.031,-0.5685
0.041,0.881,0.078,0.4825
0.125,0.847,0.029,-0.9654
0.014,0.804,0.181,0.9707
0.04,0.844,0.116,0.6249
0.059,0.89,0.051,-0.0976
0.0,0.799,0.201,0.9562
0.057,0.795,0.147,0.8251
0.077,0.779,0.144,0.8779
0.0,0.808,0.192,0.9742
0.209,0.72,0.071,-0.9774
0.084,0.892,0.023,-0.872
0.053,0.821,0.126,0.9319
0.073,0.721,0.206,0.9482
0.104,0.864,0.032,-0.9063
0.0,0.823,0.177,0.9438
0.096,0.745,0.159,0.8649
0.114,0.802,0.084,-0.8762
0.0,0.791,0.209,0.891
0.173,0.789,0.038,-0.9619
0.045,0.924,0.031,-0.4122
0.095,0.857,0.048,-0.8873
0.101,0.74,0.159,0.9803
0.106,0.861,0.034,-0.7345
0.126,0.634,0.24,0.9284
0.044,0.866,0.09,0.9045
0.059,0.8,0.141,0.9229
0.147,0.815,0.038,-0.9845
0.09,0.776,0.134,0.987
0.038,0.924,0.038,-0.046
0.111,0.81,0.079,-0.6198
0.063,0.835,0.102,0.5543
0.158,0.822,0.02,-0.9837
0.024,0.85,0.125,0.8772
0.052,0.891,0.057,0.4278
0.0,0.808,0.192,0.9598
0.054,0.806,0.14,0.9062
0.157,0.774,0.069,-0.9014
0.07,0.833,0.096,0.3134
0.0,0.789,0.211,0.9923
0.066,0.88,0.054,-0.4556
0.238,0.657,0.105,-0.9757
0.043,0.756,0.201,0.9659
0.076,0.881,0.043,-0.715
0.052,0.874,0.074,0.7717
0.171,0.781,0.048,-0.9749
0.074,0.781,0.145,0.7585
0.083,0.864,0.053,-0.8379
0.093,0.744,0.163,0.7778
0.094,0.838,0.068,0.0549
0.152,0.82,0.028,-0.8054
0.025,0.883,0.093,0.7964
0.066,0.731,0.203,0.9723
0.075,0.785,0.14,0.849
0.109,0.817,0.074,-0.3506
0.138,0.778,0.084,-0.8052
0.0,0.802,0.198,0.9847
0.06,0.908,0.032,-0.7214
0.054,0.903,0.043,-0.1759
0.0,0.677,0.323,0.9492
0.098,0.762,0.14,0.9739
0.106,0.861,0.033,-0.875
0.131,0.869,0.0,-0.9335
0.117,0.781,0.101,-0.5221
0.019,0.901,0.08,0.9327
0.093,0.833,0.074,-0.704
0.0,0.652,0.348,0.9451
0.208,0.729,0.063,-0.9631
0.074,0.641,0.284,0.9332
0.123,0.818,0.058,-0.8066
0.0,0.788,0.212,0.968
0.074,0.845,0.081,0.134
0.029,0.731,0.239,0.9413
0.0,0.921,0.079,0.7184
0.062,0.848,0.09,0.6542
0.089,0.838,0.073,0.0653
0.234,0.755,0.011,-0.9843
0.244,0.756,0.0,-0.9883
0.087,0.871,0.042,-0.4039
0.097,0.863,0.04,-0.8303
0.0,0.835,0.165,0.8582
0.019,0.915,0.066,0.753
0.038,0.793,0.169,0.849
0.05,0.895,0.055,0.1822
0.074,0.893,0.033,-0.3428
0.104,0.821,0.075,-0.9414
0.077,0.839,0.083,0.3808
0.079,0.834,0.088,0.4125
0.085,0.782,0.133,0.7085
0.068,0.829,0.103,0.6261
0.105,0.841,0.054,-0.8442
0.264,0.674,0.062,-0.9318
0.085,0.82,0.096,0.6366
0.056,0.879,0.065,0.0565
0.045,0.687,0.268,0.9422
0.052,0.846,0.102,0.606
0.066,0.752,0.182,0.9923
0.021,0.805,0.174,0.9345
0.065,0.852,0.083,0.5804
0.089,0.869,0.042,-0.8268
0.081,0.859,0.06,-0.4201
0.081,0.797,0.122,0.7034
0.0,0.783,0.217,0.8462
0.02,0.656,0.324,0.9815
0.073,0.804,0.123,0.955
0.083,0.851,0.066,-0.1416
0.091,0.801,0.108,0.2146
0.063,0.891,0.046,-0.7343
0.059,0.815,0.126,0.8787
0.092,0.869,0.039,-0.9172
0.099,0.819,0.082,-0.4497
0.113,0.78,0.107,-0.3616
0.237,0.689,0.074,-0.924
0.141,0.788,0.071,-0.7652
0.105,0.732,0.163,0.3378
0.075,0.894,0.031,-0.5941
0.054,0.919,0.027,-0.4019
0.024,0.82,0.157,0.913
0.081,0.842,0.077,-0.1162
0.046,0.894,0.06,0.4835
0.022,0.978,0.0,-0.1027
0.274,0.726,0.0,-0.5994
0.087,0.803,0.11,0.1144
0.0,0.808,0.192,0.9911
0.041,0.833,0.127,0.9627
0.0,0.782,0.218,0.9414
0.069,0.859,0.072,-0.0865
0.099,0.508,0.393,0.9459
0.0,0.82,0.18,0.9394
0.077,0.764,0.159,0.9227
0.08,0.864,0.056,-0.3244
0.05,0.893,0.057,0.171
0.01,0.866,0.124,0.9833
0.113,0.835,0.052,-0.9702
0.18,0.745,0.075,-0.8992
0.0,0.646,0.354,0.921
0.178,0.739,0.083,-0.4767
0.0,0.661,0.339,0.9753
0.056,0.625,0.318,0.987
0.142,0.796,0.062,-0.8794
0.011,0.92,0.069,0.9001
0.188,0.719,0.093,-0.9249
0.092,0.891,0.018,-0.9273
0.107,0.877,0.016,-0.7351
0.029,0.867,0.104,0.928
0.108,0.781,0.111,0.5981
0.065,0.82,0.116,0.7681
0.025,0.882,0.093,0.9513
0.0,0.654,0.346,0.9757
0.187,0.745,0.068,-0.9267
0.057,0.792,0.15,0.8435
0.078,0.799,0.123,0.8455
0.099,0.863,0.037,-0.9365
0.0,0.764,0.236,0.9906
0.013,0.708,0.279,0.9956
0.07,0.833,0.097,0.6002
0.066,0.824,0.11,0.9356
0.084,0.851,0.065,-0.606
0.086,0.784,0.13,0.9687
0.08,0.787,0.133,0.7184
0.057,0.914,0.029,-0.8462
0.0,0.831,0.169,0.9335
0.084,0.88,0.035,-0.5346
0.073,0.88,0.047,-0.7845
0.115,0.823,0.061,-0.9694
0.164,0.69,0.147,-0.5263
0.097,0.639,0.265,0.9738
0.108,0.845,0.047,-0.8481
0.052,0.864,0.084,0.9281
0.13,0.834,0.036,-0.9459
0.077,0.839,0.085,0.145
0.067,0.835,0.097,0.7126
0.085,0.824,0.091,0.7004
0.098,0.819,0.083,-0.4414
0.034,0.807,0.158,0.8402
0.088,0.863,0.05,-0.7184
0.038,0.911,0.051,0.1154
0.077,0.823,0.1,0.5647
0.085,0.771,0.143,0.9111
0.06,0.879,0.061,0.6659
0.124,0.718,0.158,0.956
0.046,0.766,0.188,0.9912
0.091,0.843,0.066,-0.8653
0.028,0.933,0.039,0.0772
0.017,0.726,0.257,0.9504
0.007,0.9,0.093,0.9401
0.194,0.769,0.037,-0.9174
0.151,0.77,0.079,-0.9579
0.05,0.787,0.163,0.9488
0.0,0.845,0.155,0.9312
0.042,0.875,0.083,0.4767
0.013,0.881,0.106,0.9173
0.079,0.847,0.073,-0.0449
0.0,0.849,0.151,0.9512
0.081,0.853,0.066,-0.5789
0.085,0.702,0.212,0.9451
0.045,0.826,0.13,0.6757
0.055,0.703,0.242,0.9643
0.0,0.844,0.156,0.938
0.04,0.879,0.081,0.6461
0.118,0.858,0.023,-0.8388
0.069,0.769,0.162,0.9731
0.148,0.795,0.056,-0.9612
0.082,0.755,0.163,0.9293
0.021,0.694,0.285,0.9891
0.018,0.796,0.187,0.9709
0.09,0.771,0.138,0.8201
0.113,0.712,0.175,0.7042
0.0,0.712,0.288,0.9932
0.025,0.895,0.08,0.8014
0.0,0.668,0.332,0.9604
0.066,0.77,0.163,0.9547
0.074,0.799,0.127,0.8149
0.116,0.807,0.078,-0.6241
0.063,0.848,0.089,0.5859
0.0,0.797,0.203,0.8655
0.046,0.937,0.016,-0.5059
0.039,0.833,0.128,0.9532
0.071,0.72,0.209,0.8807
0.022,0.824,0.155,0.9645
0.08,0.789,0.131,0.2299
0.087,0.813,0.099,0.2208
0.15,0.811,0.039,-0.9381
0.051,0.917,0.032,-0.542
0.09,0.824,0.086,0.1582
0.213,0.75,0.037,-0.8621
0.0,0.772,0.228,0.9077
0.14,0.847,0.012,-0.9062
0.09,0.858,0.052,-0.541
0.027,0.832,0.141,0.801
0.084,0.859,0.057,-0.77
0.061,0.928,0.011,-0.8516
0.121,0.838,0.041,-0.9059
0.105,0.857,0.038,-0.8652
0.087,0.83,0.083,0.4497
0.149,0.837,0.014,-0.9371
0.084,0.641,0.275,0.9602
0.107,0.847,0.046,-0.6808
0.078,0.834,0.088,0.4419
0.079,0.886,0.036,-0.8782
0.057,0.755,0.188,0.8935
0.093,0.86,0.047,-0.6363
0.027,0.85,0.123,0.8519
0.132,0.722,0.146,0.4162
0.048,0.867,0.085,0.7935
0.06,0.813,0.127,0.8286
0.153,0.749,0.098,-0.3291
0.126,0.803,0.071,-0.836
0.067,0.751,0.182,0.9462
0.084,0.849,0.067,-0.4391
0.055,0.667,0.278,0.9589
0.097,0.84,0.062,-0.8009
0.037,0.789,0.174,0.9756
0.0,0.502,0.498,0.9831
0.123,0.847,0.03,-0.9451
0.044,0.678,0.279,0.994
0.043,0.919,0.038,0.0249
0.021,0.8,0.179,0.9571
0.066,0.867,0.067,0.0258
0.092,0.771,0.137,0.1811
0.059,0.761,0.18,0.8898
0.015,0.914,0.071,0.8271
0.043,0.705,0.253,0.9851
0.096,0.724,0.18,0.8379
0.138,0.812,0.051,-0.7705
0.049,0.734,0.217,0.9689
0.083,0.674,0.243,0.9733
0.081,0.741,0.178,0.9374
0.051,0.788,0.161,0.7089
0.117,0.883,0.0,-0.6369
0.056,0.733,0.211,0.9955
0.091,0.785,0.123,0.4754
0.038,0.775,0.188,0.9943
0.065,0.771,0.165,0.9808
0.098,0.7,0.202,0.8393
0.105,0.814,0.081,-0.5574
0.06,0.81,0.13,0.8621
0.069,0.808,0.123,0.9483
0.163,0.815,0.022,-0.9259
0.075,0.925,0.0,-0.756
0.109,0.827,0.065,-0.6345
0.107,0.805,0.087,-0.11
0.079,0.813,0.107,0.2716
0.215,0.66,0.125,-0.5719
0.111,0.842,0.047,-0.6861
0.215,0.66,0.125,-0.5719
0.069,0.856,0.075,0.6564
0.056,0.901,0.043,-0.1618
0.084,0.792,0.125,0.7761
0.069,0.752,0.179,0.9775
0.083,0.868,0.048,-0.8317
0.075,0.821,0.104,0.6777
0.0,0.552,0.448,0.9652
0.078,0.831,0.091,0.4369
0.206,0.727,0.067,-0.9356
0.112,0.719,0.169,0.7153
0.095,0.827,0.078,-0.3699
0.091,0.857,0.053,-0.9635
0.122,0.752,0.126,-0.1378
0.223,0.747,0.031,-0.9857
0.091,0.893,0.016,-0.8718
0.017,0.894,0.089,0.8625
0.0,0.733,0.267,0.9628
0.028,0.492,0.48,0.9903
0.111,0.749,0.141,0.1882
0.124,0.839,0.037,-0.6712
0.059,0.91,0.031,-0.5579
0.079,0.667,0.254,0.9711
0.069,0.849,0.081,0.5966
0.043,0.893,0.064,0.6588
0.104,0.741,0.155,0.4894
0.0,0.886,0.114,0.5994
0.064,0.726,0.211,0.9073
0.064,0.788,0.148,0.9466
0.0,0.846,0.154,0.8955
0.045,0.742,0.213,0.9529
0.0,0.736,0.264,0.9225
0.035,0.885,0.079,0.4855
0.011,0.79,0.199,0.9828
0.0,0.791,0.209,0.9508
0.026,0.814,0.16,0.7099
0.141,0.794,0.065,-0.7935
0.031,0.88,0.09,0.9698
0.039,0.739,0.222,0.9901
0.141,0.794,0.065,-0.7935
0.031,0.88,0.09,0.9698
0.039,0.739,0.222,0.9901
0.067,0.64,0.293,0.9764
0.141,0.746,0.113,-0.7631
0.043,0.783,0.174,0.9924
0.067,0.709,0.224,0.9442
0.188,0.67,0.143,-0.9161
0.099,0.799,0.102,-0.4776
0.0,0.776,0.224,0.9517
0.032,0.666,0.302,0.992
0.026,0.736,0.239,0.9929
0.0,0.721,0.279,0.9839
0.053,0.843,0.104,0.9615
0.023,0.743,0.234,0.9748
0.129,0.701,0.171,0.4215
0.058,0.772,0.17,0.9841
0.0,0.92,0.08,0.8834
0.012,0.819,0.169,0.9817
0.013,0.739,0.248,0.9904
0.035,0.835,0.131,0.8467
0.052,0.771,0.177,0.8773
0.022,0.658,0.32,0.9983
0.0,0.847,0.153,0.946
0.033,0.887,0.08,0.4753
0.0,0.747,0.253,0.8883
0.079,0.684,0.238,0.9925
0.037,0.736,0.227,0.9806
0.0,0.662,0.338,0.9735
0.089,0.866,0.045,-0.5938
0.046,0.748,0.206,0.9931
0.0,0.641,0.359,0.9877
0.069,0.829,0.101,0.8278
0.109,0.672,0.22,0.9016
0.035,0.746,0.218,0.9848
0.127,0.696,0.177,0.8539
0.064,0.802,0.134,0.8635
0.088,0.817,0.095,0.3802
0.0,0.925,0.075,0.7961
0.016,0.807,0.177,0.9288
0.091,0.792,0.116,0.6874
0.091,0.806,0.103,0.6062
0.0,0.678,0.322,0.9477
0.034,0.753,0.213,0.9922
0.107,0.832,0.06,-0.3098
0.144,0.84,0.017,-0.9464
0.051,0.834,0.115,0.9662
0.034,0.926,0.041,0.2732
0.061,0.939,0.0,-0.5583
0.118,0.837,0.045,-0.7017
0.061,0.939,0.0,-0.5583
0.118,0.837,0.045,-0.7017
0.091,0.696,0.213,0.9295
0.225,0.744,0.03,-0.9524
0.068,0.815,0.117,0.875
0.061,0.871,0.068,0.369
0.042,0.838,0.12,0.6722
0.067,0.77,0.163,0.755
0.055,0.884,0.061,0.465
0.152,0.798,0.051,-0.8585
0.083,0.824,0.093,0.5448
0.057,0.75,0.193,0.9664
0.075,0.893,0.031,-0.8867
0.0,1.0,0.0,0.0
0.086,0.807,0.107,0.4491
0.044,0.776,0.18,0.935
0.084,0.837,0.079,0.2928
0.074,0.789,0.137,0.9253
0.108,0.819,0.074,-0.5466
0.051,0.949,0.0,-0.6272
0.02,0.771,0.209,0.9702
0.059,0.784,0.157,0.9776
0.024,0.856,0.12,0.701
0.069,0.778,0.153,0.945
0.0,0.775,0.225,0.9873
0.046,0.843,0.112,0.9705
0.101,0.788,0.11,0.3182
0.0,0.737,0.263,0.8922
0.088,0.784,0.128,0.5411
0.0,0.759,0.241,0.9502
0.06,0.872,0.068,0.1371
0.027,0.905,0.068,0.5983
0.013,0.784,0.203,0.9893
0.0,0.691,0.309,0.9726
0.0,0.874,0.126,0.9517
0.148,0.812,0.04,-0.8741
0.046,0.765,0.189,0.9956
0.042,0.728,0.23,0.9601
0.022,0.72,0.258,0.9496
0.093,0.835,0.072,-0.6258
0.0,0.853,0.147,0.9421
0.086,0.836,0.078,-0.3787
0.031,0.773,0.196,0.9481
0.109,0.74,0.151,0.61
0.078,0.788,0.134,0.9008
0.035,0.793,0.172,0.9745
0.035,0.639,0.326,0.962
0.061,0.762,0.177,0.9057
0.0,0.7,0.3,0.9768
0.059,0.725,0.217,0.9628
0.0,0.7,0.3,0.9768
0.059,0.725,0.217,0.9628
0.05,0.825,0.125,0.9463
0.04,0.865,0.095,0.9012
0.117,0.697,0.185,0.7535
0.068,0.824,0.107,0.6713
0.072,0.861,0.066,0.128
0.071,0.912,0.017,-0.6558
0.024,0.707,0.269,0.9925
0.067,0.871,0.062,-0.1923
0.071,0.845,0.084,0.7245
0.046,0.655,0.299,0.9501
0.078,0.876,0.046,-0.6772
0.09,0.778,0.132,0.6958
0.081,0.717,0.202,0.9874
0.1,0.793,0.107,0.2975
0.065,0.881,0.054,-0.343
0.055,0.802,0.143,0.9414
0.0,0.694,0.306,0.9479
0.026,0.852,0.122,0.8482
0.081,0.717,0.202,0.9874
0.1,0.793,0.107,0.2975
0.104,0.843,0.052,-0.7184
0.106,0.803,0.09,-0.3541
0.064,0.798,0.139,0.8805
0.033,0.878,0.089,0.4215
0.111,0.855,0.034,-0.942
0.085,0.906,0.008,-0.92
0.06,0.811,0.129,0.9281
0.045,0.855,0.1,0.8442
0.108,0.819,0.073,-0.7713
0.111,0.855,0.034,-0.942
0.085,0.906,0.008,-0.92
0.06,0.811,0.129,0.9281
0.045,0.855,0.1,0.8442
0.053,0.904,0.043,0.05
0.07,0.89,0.039,-0.4588
0.163,0.819,0.018,-0.9231
0.127,0.849,0.024,-0.9876
0.074,0.863,0.064,-0.2124
0.074,0.863,0.064,-0.2124
0.044,0.664,0.293,0.997
0.062,0.713,0.225,0.9911
0.11,0.849,0.041,-0.9598
0.105,0.731,0.164,0.687
0.091,0.833,0.076,-0.2451
0.181,0.699,0.12,-0.5228
0.0,0.884,0.116,0.7952
0.081,0.625,0.293,0.9041
0.097,0.844,0.059,-0.8083
0.11,0.849,0.041,-0.9598
0.105,0.731,0.164,0.687
0.091,0.833,0.076,-0.2451
0.059,0.769,0.173,0.9844
0.025,0.855,0.121,0.9684
0.09,0.843,0.066,-0.8587
0.041,0.814,0.146,0.9896
0.092,0.841,0.067,-0.6585
0.053,0.69,0.257,0.9773
0.032,0.766,0.202,0.9096
0.069,0.79,0.141,0.9218
0.015,0.783,0.203,0.9931
0.116,0.812,0.072,-0.5106
0.104,0.787,0.108,0.2023
0.046,0.775,0.178,0.9429
0.058,0.89,0.052,0.2263
0.031,0.743,0.227,0.9498
0.05,0.833,0.117,0.9857
0.033,0.644,0.322,0.9781
0.0,0.805,0.195,0.9607
0.0,0.831,0.169,0.9655
0.065,0.818,0.117,0.9072
0.019,0.753,0.228,0.9846
0.16,0.84,0.0,-0.7874
0.066,0.732,0.201,0.7579
0.0,0.707,0.293,0.9814
0.211,0.746,0.043,-0.9816
0.089,0.872,0.039,-0.7102
0.073,0.865,0.062,-0.3534
0.051,0.949,0.0,-0.2755
0.073,0.865,0.062,-0.3534
0.051,0.949,0.0,-0.2755
0.184,0.712,0.105,-0.611
0.0,0.891,0.109,0.8519
0.0,0.837,0.163,0.949
0.062,0.701,0.236,0.9589
0.067,0.816,0.118,0.3071
0.108,0.626,0.266,0.984
0.075,0.735,0.19,0.9798
0.0,0.729,0.271,0.9982
0.075,0.735,0.19,0.9798
0.0,0.729,0.271,0.9982
0.088,0.838,0.074,0.0516
0.034,0.788,0.178,0.9869
0.059,0.755,0.186,0.9223
0.039,0.879,0.081,0.9492
0.022,0.801,0.177,0.9937
0.037,0.687,0.276,0.9896
0.0,0.681,0.319,0.9267
0.114,0.853,0.033,-0.8919
0.058,0.864,0.079,0.8385
0.081,0.897,0.022,-0.9468
0.044,0.908,0.048,0.0552
0.078,0.889,0.033,-0.745
0.063,0.713,0.223,0.8334
0.0,0.736,0.264,0.9805
0.0,0.574,0.426,0.9938
0.115,0.826,0.059,-0.9441
0.025,0.827,0.148,0.872
0.096,0.82,0.084,-0.3043
0.024,0.836,0.14,0.935
0.068,0.824,0.108,0.7839
0.0,0.614,0.386,0.9753
0.032,0.945,0.023,-0.1223
0.092,0.823,0.085,0.0058
0.109,0.742,0.149,0.786
0.075,0.74,0.185,0.9687
0.105,0.839,0.056,-0.7218
0.061,0.729,0.21,0.9095
0.079,0.882,0.039,-0.8645
0.017,0.701,0.282,0.9974
0.024,0.932,0.044,0.2382
0.066,0.934,0.0,-0.5256
0.191,0.752,0.058,-0.9848
0.113,0.81,0.077,-0.1779
0.071,0.818,0.112,0.7088
0.026,0.861,0.113,0.9653
0.046,0.882,0.072,0.5838
0.149,0.725,0.126,-0.2838
0.014,0.831,0.155,0.9701
0.026,0.861,0.113,0.9653
0.046,0.882,0.072,0.5838
0.161,0.676,0.163,0.0848
0.096,0.7,0.205,0.982
0.117,0.81,0.072,-0.8568
0.193,0.754,0.052,-0.8316
0.051,0.775,0.174,0.9955
0.127,0.724,0.149,0.79
0.0,0.857,0.143,0.9678
0.087,0.814,0.098,0.5221
0.065,0.831,0.104,0.9395
0.039,0.677,0.284,0.926
0.051,0.816,0.133,0.9349
0.087,0.814,0.098,0.5221
0.091,0.764,0.144,0.7933
0.078,0.809,0.113,0.9157
0.103,0.705,0.192,0.9486
0.048,0.721,0.231,0.9942
0.059,0.769,0.172,0.9718
0.066,0.713,0.22,0.9116
0.062,0.904,0.034,-0.8283
0.068,0.844,0.088,0.7456
0.132,0.786,0.083,-0.8581
0.083,0.691,0.227,0.9562
0.0,0.615,0.385,0.9949
0.159,0.733,0.108,-0.8406
0.064,0.823,0.113,0.8375
0.036,0.869,0.095,0.6161
0.124,0.876,0.0,-0.8227
0.065,0.767,0.168,0.8469
0.045,0.819,0.136,0.8119
0.068,0.845,0.087,0.6605
0.018,0.707,0.274,0.9862
0.088,0.839,0.073,-0.3527
0.063,0.802,0.136,0.9872
0.125,0.732,0.144,0.4882
0.075,0.887,0.037,-0.5267
0.04,0.907,0.054,0.3802
0.022,0.822,0.157,0.9825
0.032,0.832,0.136,0.9001
0.04,0.907,0.054,0.3802
0.077,0.871,0.052,-0.4673
0.0,0.812,0.188,0.9081
0.0,0.796,0.204,0.9778
0.119,0.797,0.084,-0.7871
0.049,0.881,0.07,0.8352
0.06,0.711,0.229,0.9694
0.128,0.688,0.184,0.9149
0.0,0.825,0.175,0.9584
0.0,0.856,0.144,0.4927
0.219,0.698,0.082,-0.9106
0.053,0.75,0.197,0.976
0.043,0.846,0.111,0.9022
0.039,0.909,0.053,0.5423
0.0,0.825,0.175,0.9584
0.0,0.856,0.144,0.4927
0.058,0.865,0.077,0.3709
0.058,0.691,0.252,0.8607
0.052,0.768,0.18,0.9855
0.086,0.637,0.276,0.9449
0.086,0.813,0.101,0.7722
0.053,0.738,0.21,0.9847
0.077,0.858,0.065,0.2505
0.084,0.871,0.045,-0.6905
0.131,0.869,0.0,-0.817
0.049,0.674,0.277,0.8788
0.089,0.868,0.043,-0.8019
0.088,0.745,0.166,0.9713
0.033,0.73,0.237,0.8942
0.311,0.542,0.147,-0.8884
0.037,0.833,0.13,0.9627
0.103,0.813,0.084,-0.6459
0.057,0.838,0.104,0.8722
0.311,0.542,0.147,-0.8884
0.023,0.682,0.295,0.9761
0.0,0.579,0.421,0.9676
0.043,0.881,0.076,0.6476
0.021,0.767,0.212,0.9349
0.0,0.797,0.203,0.9559
0.106,0.75,0.144,0.545
0.021,0.767,0.212,0.9349
0.0,0.797,0.203,0.9559
0.106,0.75,0.144,0.545
0.099,0.767,0.134,0.6249
0.019,0.706,0.275,0.9953
0.049,0.834,0.116,0.8574
0.0,0.872,0.128,0.7935
0.141,0.834,0.024,-0.9729
0.056,0.826,0.118,0.7897
0.08,0.816,0.104,0.9314
0.094,0.789,0.117,0.5408
0.029,0.8,0.17,0.8073
0.0,0.646,0.354,0.996
0.056,0.913,0.031,-0.3791
0.045,0.714,0.242,0.8647
0.15,0.766,0.084,-0.5577
0.0,0.76,0.24,0.9686
0.0,0.744,0.256,0.8225
0.018,0.644,0.338,0.9946
0.136,0.74,0.124,-0.4736
0.069,0.905,0.026,-0.5413
0.053,0.819,0.128,0.9698
0.148,0.769,0.083,-0.8193
0.017,0.763,0.22,0.9717
0.064,0.861,0.075,0.1063
0.177,0.715,0.108,-0.9744
0.079,0.712,0.209,0.853
0.075,0.843,0.083,0.5505
0.141,0.709,0.15,-0.2973
0.133,0.792,0.074,-0.6115
0.074,0.833,0.092,0.7159
0.17,0.802,0.028,-0.9349
0.122,0.737,0.141,0.5035
0.133,0.792,0.074,-0.6115
0.039,0.885,0.076,0.9509
0.017,0.951,0.032,0.1779
0.046,0.713,0.241,0.9608
0.145,0.814,0.041,-0.7178
0.074,0.691,0.235,0.861
0.017,0.913,0.07,0.7215
0.063,0.864,0.073,0.3472
0.074,0.691,0.235,0.861
0.071,0.641,0.288,0.9682
0.122,0.817,0.061,-0.5267
0.117,0.68,0.203,0.936
0.133,0.805,0.062,-0.7388
0.051,0.865,0.085,0.6641
0.0,0.579,0.421,0.9201
0.061,0.66,0.279,0.9217
0.056,0.672,0.272,0.9971
0.012,0.823,0.166,0.9803
0.071,0.641,0.288,0.9682
0.122,0.817,0.061,-0.5267
0.117,0.68,0.203,0.936
0.133,0.805,0.062,-0.7388
0.051,0.865,0.085,0.6641
0.116,0.821,0.063,-0.9773
0.0,0.795,0.205,0.7346
0.067,0.856,0.077,0.2601
0.121,0.815,0.065,-0.8868
0.113,0.721,0.166,0.9345
0.125,0.7,0.175,0.3182
0.116,0.821,0.063,-0.9773
0.0,0.795,0.205,0.7346
0.067,0.856,0.077,0.2601
0.121,0.815,0.065,-0.8868
0.148,0.812,0.04,-0.8893
0.079,0.867,0.054,-0.4588
0.0,0.741,0.259,0.8687
0.1,0.744,0.156,0.8496
0.058,0.879,0.063,0.476
0.0,0.741,0.259,0.8687
0.1,0.744,0.156,0.8496
0.078,0.794,0.128,0.7346
0.067,0.848,0.086,0.0396
0.038,0.767,0.195,0.9501
0.033,0.87,0.098,0.9084
0.1,0.859,0.041,-0.7814
0.012,0.94,0.048,0.6858
0.085,0.816,0.098,0.6599
0.056,0.834,0.11,0.8367
0.017,0.756,0.228,0.9983
0.108,0.834,0.058,-0.6661
0.137,0.802,0.061,-0.9261
0.012,0.94,0.048,0.6858
0.085,0.816,0.098,0.6599
0.071,0.892,0.037,-0.8263
0.109,0.833,0.058,-0.8716
0.08,0.868,0.053,-0.5704
0.035,0.803,0.162,0.9648
0.12,0.88,0.0,-0.5423
0.107,0.865,0.028,-0.893
0.139,0.773,0.088,-0.8462
0.093,0.835,0.072,-0.5291
0.0,0.624,0.376,0.9016
0.211,0.724,0.065,-0.7233
0.072,0.713,0.215,0.9283
0.068,0.742,0.19,0.9952
0.054,0.905,0.041,-0.2517
0.088,0.834,0.078,-0.128
0.054,0.905,0.041,-0.2517
0.088,0.834,0.078,-0.128
0.1,0.751,0.149,0.9081
0.05,0.669,0.28,0.9573
0.076,0.759,0.164,0.9472
0.271,0.598,0.131,-0.7258
0.037,0.83,0.133,0.7574
0.088,0.891,0.021,-0.8436
0.144,0.707,0.149,0.5494
0.117,0.827,0.055,-0.8342
0.117,0.827,0.055,-0.8342
0.076,0.799,0.125,0.6151
0.0,0.743,0.257,0.9826
0.0,0.812,0.188,0.9885
0.118,0.708,0.174,0.5263
0.059,0.841,0.1,0.5566
0.054,0.809,0.137,0.9798
0.061,0.782,0.157,0.992
0.139,0.73,0.131,0.4582
0.0,0.764,0.236,0.9725
0.054,0.809,0.137,0.9798
0.081,0.903,0.016,-0.9408
0.019,0.853,0.128,0.7688
0.0,0.791,0.209,0.9472
0.0,0.727,0.273,0.9838
0.0,0.693,0.307,0.923
0.137,0.767,0.095,-0.7542
0.04,0.615,0.346,0.9715
0.018,0.799,0.183,0.9542
0.189,0.726,0.086,-0.974
0.09,0.745,0.165,0.6378
0.0,0.94,0.06,0.4215
0.0,0.63,0.37,0.9842
0.018,0.799,0.183,0.9542
0.0,0.91,0.09,0.7579
0.0,0.824,0.176,0.9749
0.075,0.88,0.046,-0.8338
0.09,0.857,0.053,-0.7342
0.068,0.783,0.148,0.9147
0.054,0.823,0.122,0.8231
0.0,0.684,0.316,0.9705
0.0,0.91,0.09,0.7579
0.036,0.853,0.11,0.8707
0.059,0.909,0.032,-0.6388
0.154,0.777,0.069,-0.867
0.141,0.752,0.107,-0.4158
0.046,0.817,0.137,0.9371
0.213,0.714,0.073,-0.9142
0.04,0.727,0.233,0.984
0.034,0.846,0.12,0.9741
0.028,0.972,0.0,-0.2023
0.017,0.81,0.173,0.8858
0.167,0.762,0.071,-0.9413
0.0,0.836,0.164,0.8628
0.019,0.836,0.146,0.8734
0.135,0.789,0.076,-0.8612
0.145,0.724,0.131,-0.5802
0.137,0.711,0.151,0.412
0.044,0.755,0.202,0.9791
0.04,0.766,0.194,0.9672
0.044,0.877,0.079,0.6439
0.055,0.791,0.155,0.969
0.093,0.853,0.054,-0.6167
0.044,0.861,0.095,0.899
0.05,0.8,0.15,0.9739
0.135,0.789,0.076,-0.8612
0.145,0.724,0.131,-0.5802
0.105,0.871,0.024,-0.8201
0.103,0.837,0.06,-0.5305
0.0,0.836,0.164,0.9562
0.038,0.786,0.177,0.9477
0.105,0.871,0.024,-0.8201
0.103,0.837,0.06,-0.5305
0.0,0.836,0.164,0.9562
0.075,0.863,0.062,-0.4408
0.069,0.692,0.239,0.984
0.094,0.846,0.06,-0.6999
0.017,0.917,0.066,0.8186
0.0,0.753,0.247,0.9468
0.028,0.741,0.231,0.9884
0.107,0.849,0.045,-0.8528
0.103,0.822,0.074,-0.6655
0.08,0.796,0.124,0.8778
0.033,0.809,0.158,0.8867
0.0,0.739,0.261,0.908
0.0,0.753,0.247,0.9468
0.028,0.741,0.231,0.9884
0.026,0.771,0.203,0.9862
0.053,0.799,0.148,0.8244
0.061,0.849,0.091,0.8316
0.038,0.732,0.231,0.9817
0.015,0.704,0.282,0.9867
0.051,0.847,0.102,0.8966
0.119,0.77,0.111,-0.2252
0.103,0.868,0.029,-0.6249
0.053,0.841,0.106,0.9369
0.025,0.854,0.121,0.9759
0.026,0.826,0.148,0.918
0.119,0.816,0.064,-0.6249
0.093,0.729,0.178,0.8963
0.119,0.816,0.064,-0.6249
0.055,0.87,0.074,0.6467
0.059,0.792,0.149,0.972
0.0,0.707,0.293,0.9631
0.046,0.756,0.199,0.9911
0.077,0.787,0.136,0.8775
0.0,0.601,0.399,0.9273
0.0,0.823,0.177,0.8777
0.109,0.82,0.071,-0.928
0.022,0.816,0.161,0.9735
0.049,0.787,0.164,0.9567
0.085,0.85,0.065,0.0
0.148,0.676,0.176,0.6986
0.022,0.853,0.124,0.8382
0.181,0.748,0.071,-0.9438
0.0,0.833,0.167,0.7184
0.0,0.741,0.259,0.8271
0.082,0.79,0.128,0.6908
0.03,0.836,0.134,0.7717
0.038,0.787,0.176,0.9921
0.03,0.836,0.134,0.7717
0.038,0.787,0.176,0.9921
0.095,0.813,0.092,-0.1027
0.062,0.938,0.0,-0.4404
0.061,0.859,0.08,0.6757
0.0,0.872,0.128,0.5719
0.0,0.854,0.146,0.9265
0.061,0.873,0.067,0.7633
0.044,0.884,0.072,0.4491
0.086,0.897,0.017,-0.8537
0.061,0.873,0.067,0.7633
0.044,0.884,0.072,0.4491
0.086,0.897,0.017,-0.8537
0.0,0.917,0.083,0.7003
0.093,0.872,0.035,-0.8707
0.0,0.736,0.264,0.9577
0.054,0.793,0.153,0.831
0.074,0.834,0.092,0.5177
0.038,0.694,0.268,0.9815
0.027,0.86,0.112,0.9767
0.038,0.694,0.268,0.9815
0.027,0.86,0.112,0.9767
0.228,0.603,0.169,-0.3246
0.319,0.555,0.126,-0.902
0.128,0.765,0.108,-0.7285
0.023,0.678,0.298,0.994
0.0,0.761,0.239,0.9895
0.17,0.756,0.074,-0.9215
0.123,0.827,0.049,-0.9586
0.087,0.844,0.07,-0.296
0.03,0.783,0.187,0.765
0.026,0.833,0.141,0.9366
0.038,0.943,0.019,-0.2598
0.122,0.856,0.022,-0.8847
0.0,0.726,0.274,0.9777
0.063,0.839,0.098,0.5022
0.051,0.679,0.27,0.9694
0.018,0.899,0.083,0.728
0.049,0.723,0.228,0.9852
0.047,0.906,0.047,0.296
0.0,0.699,0.301,0.9414
0.082,0.822,0.096,0.7709
0.097,0.732,0.171,0.9333
0.042,0.809,0.149,0.9485
0.136,0.797,0.067,-0.8165
0.0,0.708,0.292,0.9524
0.145,0.779,0.076,-0.8576
0.022,0.819,0.158,0.9793
0.12,0.682,0.198,0.8462
0.052,0.829,0.119,0.8788
0.0,0.708,0.292,0.9524
0.145,0.779,0.076,-0.8576
0.09,0.771,0.138,0.204
0.012,0.856,0.132,0.91
0.138,0.841,0.021,-0.9324
0.087,0.858,0.055,-0.3197
0.102,0.829,0.07,-0.7572
0.088,0.756,0.156,0.8437
0.06,0.871,0.068,0.4692
0.098,0.832,0.07,-0.4405
0.089,0.701,0.21,0.7501
0.071,0.82,0.109,0.9152
0.047,0.875,0.078,0.2444
0.106,0.84,0.054,-0.8047
0.071,0.891,0.038,-0.8485
0.066,0.837,0.098,0.6537
0.056,0.849,0.094,0.8242
0.168,0.805,0.027,-0.8537
0.123,0.673,0.204,0.3716
0.034,0.799,0.167,0.9442
0.087,0.785,0.128,0.8614
0.029,0.626,0.346,0.9877
0.123,0.673,0.204,0.3716
0.129,0.821,0.05,-0.9432
0.155,0.747,0.098,-0.9423
0.212,0.706,0.082,-0.9469
0.064,0.872,0.064,0.0044
0.053,0.865,0.082,0.7583
0.014,0.696,0.29,0.9825
0.191,0.746,0.063,-0.9739
0.067,0.836,0.097,0.9181
0.07,0.831,0.099,0.5719
0.053,0.865,0.082,0.7583
0.014,0.696,0.29,0.9825
0.0,0.713,0.287,0.9767
0.0,0.695,0.305,0.9816
0.047,0.76,0.193,0.9803
0.128,0.799,0.073,-0.5023
0.0,0.897,0.103,0.6696
0.067,0.687,0.246,0.964
0.016,0.944,0.04,0.2732
0.067,0.687,0.246,0.964
0.012,0.863,0.125,0.9269
0.194,0.636,0.17,-0.3553
0.053,0.758,0.189,0.9701
0.1,0.837,0.062,-0.639
0.034,0.797,0.169,0.8983
0.046,0.868,0.086,0.5641
0.09,0.827,0.083,-0.5326
0.085,0.834,0.081,0.1188
0.0,0.721,0.279,0.9419
0.046,0.868,0.086,0.5641
0.09,0.827,0.083,-0.5326
0.085,0.834,0.081,0.1188
0.018,0.789,0.193,0.9842
0.101,0.878,0.021,-0.9001
0.163,0.732,0.105,-0.871
0.033,0.548,0.419,0.9855
0.096,0.774,0.13,0.6318
0.018,0.837,0.146,0.81
0.101,0.878,0.021,-0.9001
0.07,0.892,0.038,-0.34
0.0,0.639,0.361,0.9412
0.0,0.909,0.091,0.7645
0.022,0.714,0.265,0.9796
0.105,0.803,0.092,-0.2673
0.0,0.769,0.231,0.9698
0.084,0.82,0.096,0.2006
0.02,0.804,0.177,0.9413
0.081,0.838,0.081,0.5727
0.084,0.82,0.096,0.2006
0.02,0.804,0.177,0.9413
0.081,0.838,0.081,0.5727
0.053,0.83,0.117,0.7855
0.071,0.807,0.122,0.4866
0.035,0.829,0.136,0.961
0.02,0.713,0.267,0.9565
0.076,0.825,0.099,0.321
0.122,0.836,0.042,-0.9448
0.023,0.797,0.18,0.9684
0.078,0.866,0.056,-0.7096
0.026,0.847,0.126,0.846
0.122,0.837,0.041,-0.7184
0.074,0.76,0.166,0.8732
0.138,0.767,0.095,-0.445
0.081,0.675,0.243,0.9823
0.053,0.829,0.117,0.5734
0.115,0.727,0.159,0.5416
0.037,0.646,0.317,0.9702
0.117,0.842,0.042,-0.9734
0.142,0.669,0.189,0.2892
0.0,0.838,0.162,0.9629
0.115,0.73,0.154,0.9794
0.0,0.624,0.376,0.9685
0.087,0.832,0.081,-0.4244
0.101,0.86,0.039,-0.9857
0.113,0.85,0.036,-0.7441
0.035,0.802,0.162,0.9745
0.088,0.831,0.081,-0.6295
0.024,0.829,0.147,0.9777
0.021,0.666,0.313,0.9704
0.14,0.839,0.021,-0.9062
0.035,0.777,0.188,0.99
0.036,0.913,0.051,0.6035
0.097,0.763,0.14,0.7543
0.0,0.706,0.294,0.9859
0.04,0.753,0.207,0.9598
0.085,0.72,0.196,0.974
0.013,0.804,0.182,0.9255
0.063,0.867,0.07,0.0701
0.085,0.72,0.196,0.974
0.013,0.804,0.182,0.9255
0.0,0.879,0.121,0.8051
0.099,0.859,0.042,-0.8523
0.162,0.838,0.0,-0.8357
0.147,0.825,0.029,-0.9617
0.067,0.901,0.032,-0.6823
0.098,0.789,0.113,0.3915
0.1,0.8,0.1,-0.235
0.022,0.669,0.309,0.9787
0.113,0.727,0.16,0.7256
0.022,0.812,0.166,0.8807
0.0,0.659,0.341,0.9388
0.022,0.818,0.16,0.9773
0.094,0.853,0.053,-0.719
0.095,0.815,0.09,0.0027
0.0,0.892,0.108,0.6705
0.025,0.802,0.173,0.875
0.177,0.716,0.107,-0.6562
0.123,0.76,0.118,-0.2359
0.094,0.848,0.058,-0.7254
0.025,0.873,0.102,0.9129
0.1,0.879,0.021,-0.8763
0.067,0.877,0.056,-0.2003
0.041,0.776,0.182,0.9864
0.057,0.865,0.078,0.3423
0.071,0.834,0.095,0.4417
0.027,0.667,0.306,0.984
0.0,0.712,0.288,0.872
0.056,0.875,0.069,0.4516
0.0,0.711,0.289,0.9148
0.078,0.795,0.126,0.8096
